603020,爱普股份
603703,盛洋科技
000531,穗恒运Ａ
603669,灵康药业
300121,阳谷华泰
002250,联化科技
603829,洛凯股份
300338,开元股份
000421,南京公用
601238,广汽集团
300324,旋极信息
300595,欧普康视
002270,华明装备
300630,普利制药
300484,蓝海华腾
603527,众源新材
600056,中国医药
600603,广汇物流
600733,SST前锋
300331,苏大维格
000037,深南电A
300634,彩讯股份
300289,利德曼
002003,伟星股份
603090,宏盛股份
603661,恒林股份
600860,京城股份
603917,合力科技
002846,英联股份
300135,宝利国际
002121,科陆电子
603568,伟明环保
002084,海鸥住工
300366,创意信息
300048,合康新能
002252,上海莱士
300187,永清环保
600540,新赛股份
002048,宁波华翔
002492,恒基达鑫
300053,欧比特
603933,睿能科技
603998,方盛制药
300260,新莱应材
000785,武汉中商
600419,天润乳业
000036,华联控股
300227,光韵达
002475,立讯精密
300333,兆日科技
603519,立霸股份
603269,海鸥股份
601801,皖新传媒
002715,登云股份
600583,海油工程
000420,吉林化纤
603239,浙江仙通
600764,中国海防
600091,ST明科
600021,上海电力
600388,XD龙净环
002681,奋达科技
002370,亚太药业
600251,冠农股份
000032,深桑达Ａ
600435,北方导航
600029,南方航空
000615,京汉股份
002751,易尚展示
300193,佳士科技
000632,三木集团
002384,东山精密
603698,航天工程
600738,兰州民百
000948,南天信息
300682,朗新科技
600958,东方证券
300118,东方日升
600664,哈药股份
603707,健友股份
000960,锡业股份
600600,青岛啤酒
603088,宁波精达
000671,阳 光 城
600113,浙江东日
000651,格力电器
002497,雅化集团
002636,金安国纪
300494,盛天网络
601949,中国出版
600206,有研新材
300032,金龙机电
000989,九 芝 堂
600120,浙江东方
300154,瑞凌股份
603787,新日股份
603757,大元泵业
002629,仁智股份
600213,亚星客车
601228,广州港
600110,诺德股份
000728,国元证券
002544,杰赛科技
