,date,open,close,high,low,volume,code
0,2010-06-23,4.256,3.915,4.271,3.82,159044.09,002439
1,2010-06-24,4.153,4.306,4.306,4.126,70155.55,002439
2,2010-06-25,4.222,3.99,4.265,3.905,103783.29,002439
3,2010-06-28,4.027,4.389,4.389,4.005,105491.96,002439
4,2010-06-29,4.31,4.622,4.687,4.247,106850.84,002439
5,2010-06-30,4.574,4.443,4.574,4.271,63901.35,002439
6,2010-07-01,4.436,4.344,4.662,4.337,62670.27,002439
7,2010-07-02,4.21,3.935,4.21,3.91,62071.94,002439
8,2010-07-05,3.759,3.782,3.863,3.662,34785.27,002439
9,2010-07-06,3.735,3.838,3.89,3.734,35746.87,002439
10,2010-07-07,3.813,3.87,3.938,3.661,39742.36,002439
11,2010-07-08,3.783,3.939,3.988,3.722,42128.21,002439
12,2010-07-09,3.905,3.949,4.039,3.793,37102.96,002439
13,2010-07-12,3.911,3.917,3.971,3.888,22308.0,002439
14,2010-07-13,3.887,3.771,3.887,3.76,19442.59,002439
15,2010-07-14,3.746,3.954,4.137,3.746,32333.41,002439
16,2010-07-15,3.924,3.892,4.066,3.874,24082.76,002439
17,2010-07-16,3.844,3.924,3.966,3.809,14678.94,002439
18,2010-07-19,3.878,3.996,4.021,3.871,14863.61,002439
19,2010-07-20,3.978,4.031,4.082,3.957,23595.97,002439
20,2010-07-21,4.027,4.036,4.11,4.005,17599.9,002439
21,2010-07-22,4.015,4.053,4.064,3.943,16517.74,002439
22,2010-07-23,4.025,3.99,4.061,3.94,15971.01,002439
23,2010-07-26,3.996,4.01,4.023,3.957,12259.74,002439
24,2010-07-27,4.017,3.928,4.017,3.927,12584.92,002439
25,2010-07-29,4.007,4.059,4.131,4.003,34704.41,002439
26,2010-07-30,4.027,3.972,4.033,3.942,19309.84,002439
27,2010-08-02,3.978,4.043,4.064,3.971,16708.78,002439
28,2010-08-03,4.055,4.033,4.115,4.027,18772.97,002439
29,2010-08-04,4.033,4.222,4.271,4.033,31914.74,002439
30,2010-08-05,4.204,4.159,4.234,4.115,17997.41,002439
31,2010-08-06,4.142,4.232,4.271,4.129,16688.76,002439
32,2010-08-09,4.232,4.245,4.32,4.189,19000.0,002439
33,2010-08-10,4.244,4.07,4.248,4.065,19402.42,002439
34,2010-08-11,4.051,4.027,4.099,3.978,14199.49,002439
35,2010-08-12,3.978,3.97,4.062,3.96,10247.6,002439
36,2010-08-13,4.027,4.053,4.111,3.985,10141.75,002439
37,2010-08-16,4.062,4.094,4.116,4.042,12797.3,002439
38,2010-08-17,4.093,4.12,4.194,4.088,13841.78,002439
39,2010-08-18,4.12,4.031,4.125,4.009,13333.58,002439
40,2010-08-19,4.031,4.122,4.16,4.031,21579.63,002439
41,2010-08-20,4.101,4.295,4.392,4.089,41987.0,002439
42,2010-08-23,4.293,4.332,4.403,4.275,26257.27,002439
43,2010-08-24,4.297,4.322,4.332,4.22,14477.78,002439
44,2010-08-25,4.282,4.281,4.496,4.256,25625.71,002439
45,2010-08-26,4.269,4.294,4.334,4.226,15514.0,002439
46,2010-08-27,4.271,4.314,4.344,4.222,9489.0,002439
47,2010-08-30,4.316,4.424,4.452,4.295,15970.0,002439
48,2010-08-31,4.399,4.472,4.503,4.344,15298.0,002439
49,2010-09-01,4.454,4.33,4.561,4.271,15971.0,002439
50,2010-09-02,4.347,4.488,4.515,4.322,13734.0,002439
51,2010-09-03,4.566,4.677,4.936,4.566,31490.0,002439
52,2010-09-06,4.71,4.505,4.71,4.43,17969.0,002439
53,2010-09-07,4.515,4.625,4.657,4.448,8634.0,002439
54,2010-09-08,4.588,4.596,4.635,4.552,9081.0,002439
55,2010-09-09,4.552,4.54,4.745,4.522,11528.0,002439
56,2010-09-10,4.521,4.631,4.668,4.519,10914.0,002439
57,2010-09-13,4.576,4.674,4.691,4.576,6601.0,002439
58,2010-09-14,4.698,4.86,4.893,4.653,15445.0,002439
59,2010-09-15,4.812,4.992,5.272,4.812,25650.0,002439
60,2010-09-16,4.936,4.832,5.025,4.773,11209.0,002439
61,2010-09-17,4.826,4.851,5.064,4.796,9142.0,002439
62,2010-09-20,4.807,4.644,4.826,4.565,9802.0,002439
63,2010-09-21,4.668,4.601,4.802,4.601,6682.0,002439
64,2010-09-27,4.601,4.472,4.601,4.295,32331.0,002439
65,2010-09-28,4.466,4.542,4.637,4.442,16739.0,002439
66,2010-09-29,4.515,4.419,4.576,4.38,13946.0,002439
67,2010-09-30,4.431,4.59,4.61,4.43,9482.0,002439
68,2010-10-08,4.564,4.625,4.686,4.533,10390.0,002439
69,2010-10-11,4.592,4.405,4.669,4.393,15570.0,002439
70,2010-10-12,4.449,4.355,4.504,4.304,16168.0,002439
71,2010-10-13,4.365,4.342,4.365,4.244,15057.0,002439
72,2010-10-14,4.363,4.365,4.511,4.363,13763.0,002439
73,2010-10-15,4.476,4.381,4.478,4.308,11616.0,002439
74,2010-10-18,4.376,4.271,4.391,4.153,8134.0,002439
75,2010-10-19,4.302,4.425,4.47,4.241,7842.0,002439
76,2010-10-20,4.332,4.432,4.54,4.324,9998.0,002439
77,2010-10-21,4.433,4.408,4.466,4.354,5360.0,002439
78,2010-10-22,4.491,4.469,4.525,4.408,8491.0,002439
79,2010-10-25,4.55,4.649,4.68,4.526,15253.0,002439
80,2010-10-26,4.637,4.681,4.909,4.637,17030.0,002439
81,2010-10-27,4.637,4.63,4.68,4.588,8291.0,002439
82,2010-10-28,4.636,4.738,4.831,4.635,10162.0,002439
83,2010-10-29,4.71,4.782,4.814,4.71,7731.0,002439
84,2010-11-01,4.801,4.838,4.887,4.759,11372.0,002439
85,2010-11-02,4.875,4.655,4.875,4.655,12819.0,002439
86,2010-11-04,4.686,4.698,4.759,4.596,8401.0,002439
87,2010-11-05,4.708,4.662,4.751,4.619,7282.0,002439
88,2010-11-08,4.745,4.906,4.956,4.686,14680.0,002439
89,2010-11-09,4.906,4.932,5.047,4.864,12759.0,002439
90,2010-11-10,5.003,5.065,5.211,4.932,13925.0,002439
91,2010-11-11,5.022,4.979,5.113,4.942,10543.0,002439
92,2010-11-12,4.976,4.68,4.976,4.603,16683.0,002439
93,2010-11-15,4.674,4.893,4.899,4.674,12265.0,002439
94,2010-11-16,4.895,4.749,4.939,4.674,15022.0,002439
95,2010-11-17,4.72,4.784,4.871,4.72,13859.0,002439
96,2010-11-18,4.821,4.832,4.869,4.699,5184.0,002439
97,2010-11-19,4.838,5.316,5.316,4.802,25835.0,002439
98,2010-11-22,5.394,5.436,5.6,5.316,21152.0,002439
99,2010-11-23,5.491,5.565,5.687,5.371,17870.0,002439
100,2010-11-24,5.552,5.613,5.613,5.467,12791.0,002439
101,2010-11-25,5.667,5.55,5.722,5.536,13382.0,002439
102,2010-11-26,5.516,5.563,5.607,5.422,13828.0,002439
103,2010-11-29,5.54,6.098,6.12,5.455,18452.0,002439
104,2010-11-30,5.975,5.871,6.144,5.676,16853.0,002439
105,2010-12-01,5.845,5.9,5.918,5.763,6916.0,002439
106,2010-12-02,5.94,5.809,6.038,5.712,8477.0,002439
107,2010-12-03,5.772,5.674,5.772,5.552,7821.0,002439
108,2010-12-06,5.624,5.308,5.672,5.279,13002.0,002439
109,2010-12-07,5.295,5.455,5.479,5.223,10485.0,002439
110,2010-12-08,5.416,5.369,5.613,5.34,9842.0,002439
111,2010-12-09,5.369,5.583,5.855,5.308,18365.0,002439
112,2010-12-10,5.589,5.674,5.674,5.491,9383.0,002439
113,2010-12-13,5.722,5.839,6.014,5.66,19651.0,002439
114,2010-12-14,5.811,5.892,6.029,5.81,12404.0,002439
115,2010-12-15,5.881,5.868,5.95,5.779,5381.0,002439
116,2010-12-16,5.868,5.839,5.929,5.833,8366.0,002439
117,2010-12-17,5.809,5.715,5.832,5.682,8776.0,002439
118,2010-12-20,5.749,5.857,5.916,5.423,14064.0,002439
119,2010-12-21,5.878,5.76,5.878,5.715,5886.0,002439
120,2010-12-22,5.735,5.644,5.806,5.644,5033.0,002439
121,2010-12-23,5.637,5.515,5.641,5.497,6778.0,002439
122,2010-12-24,5.43,5.225,5.513,5.211,7271.0,002439
123,2010-12-27,5.259,5.174,5.423,5.174,8839.0,002439
124,2010-12-28,5.125,5.192,5.3,5.09,6845.0,002439
125,2011-05-12,5.687,5.036,5.687,4.942,48348.0,002439
126,2011-05-13,4.875,4.735,4.875,4.638,21854.0,002439
127,2011-05-16,4.679,4.702,4.769,4.582,8231.0,002439
128,2011-05-17,4.641,4.698,4.732,4.614,6474.0,002439
129,2011-05-18,4.649,4.631,4.698,4.596,4755.0,002439
130,2011-05-19,4.588,4.515,4.663,4.37,8143.0,002439
131,2011-05-20,4.488,4.631,4.631,4.397,6369.0,002439
132,2011-05-23,4.59,4.513,4.596,4.435,4380.0,002439
133,2011-05-24,4.559,4.67,4.693,4.442,5378.0,002439
134,2011-05-25,4.638,4.637,4.716,4.612,3326.0,002439
135,2011-05-26,4.637,4.457,4.708,4.457,3149.0,002439
136,2011-05-27,4.457,4.199,4.457,4.171,6015.0,002439
137,2011-05-30,4.173,3.967,4.173,3.966,5893.0,002439
138,2011-05-31,3.99,4.032,4.119,3.99,4275.0,002439
139,2011-06-01,4.038,4.12,4.149,4.006,2833.0,002439
140,2011-06-02,4.062,3.985,4.106,3.905,2508.0,002439
141,2011-06-03,3.994,4.073,4.092,3.979,2875.0,002439
142,2011-06-07,4.073,4.234,4.417,4.039,7436.0,002439
143,2011-06-08,4.155,4.232,4.238,4.073,4426.0,002439
144,2011-06-09,4.2,4.098,4.234,4.098,3042.0,002439
145,2011-06-10,4.11,4.125,4.125,3.962,3352.0,002439
146,2011-06-13,4.088,4.136,4.172,4.003,2207.0,002439
147,2011-06-14,4.143,4.221,4.272,4.143,3272.0,002439
148,2011-06-15,4.283,4.275,4.453,4.234,4002.0,002439
149,2011-06-16,4.22,4.149,4.22,4.073,2122.0,002439
150,2011-06-17,4.095,4.119,4.204,4.094,1187.0,002439
151,2011-06-20,4.1,3.905,4.125,3.905,3406.0,002439
152,2011-06-21,3.911,3.8,3.966,3.759,3642.0,002439
153,2011-06-22,3.824,3.817,3.856,3.793,1595.0,002439
154,2011-06-23,3.799,3.895,3.929,3.738,2838.0,002439
155,2011-06-24,3.881,4.025,4.045,3.859,6401.0,002439
156,2011-06-27,4.025,4.125,4.161,4.012,6710.0,002439
157,2011-06-28,4.094,4.117,4.149,4.094,2785.0,002439
158,2011-06-30,4.128,4.18,4.198,4.07,5336.0,002439
159,2011-07-01,4.183,4.193,4.253,4.175,2516.0,002439
160,2011-07-04,4.21,4.237,4.263,4.201,3603.0,002439
161,2011-07-05,4.237,4.239,4.263,4.21,2763.0,002439
162,2011-07-06,4.332,4.206,4.354,4.177,1849.0,002439
163,2011-07-07,4.189,4.466,4.561,4.189,7880.0,002439
164,2011-07-08,4.454,4.488,4.546,4.356,4422.0,002439
165,2011-07-11,4.457,4.558,4.61,4.431,2965.0,002439
166,2011-07-12,4.535,4.482,4.558,4.454,2745.0,002439
167,2011-07-13,4.478,4.535,4.612,4.478,3152.0,002439
168,2011-07-14,4.596,4.559,4.596,4.521,3479.0,002439
169,2011-07-15,4.529,4.46,4.529,4.356,5815.0,002439
170,2011-07-18,4.507,4.552,4.56,4.45,3694.0,002439
171,2011-07-19,4.532,4.549,4.62,4.491,3530.0,002439
172,2011-07-20,4.56,4.763,4.869,4.535,7300.0,002439
173,2011-07-21,4.731,4.69,4.731,4.663,2278.0,002439
174,2011-07-22,4.69,4.723,4.782,4.647,2463.0,002439
175,2011-07-25,4.723,4.515,4.736,4.515,4330.0,002439
176,2011-07-27,4.552,4.832,4.878,4.518,6124.0,002439
177,2011-07-28,4.795,4.82,4.845,4.762,2896.0,002439
178,2011-07-29,4.84,4.703,4.84,4.686,3462.0,002439
179,2011-08-01,4.703,4.708,4.746,4.686,1610.0,002439
180,2011-08-02,4.622,4.662,4.704,4.56,1916.0,002439
181,2011-08-03,4.638,4.77,4.874,4.527,3154.0,002439
182,2011-08-04,4.77,4.834,4.879,4.741,4085.0,002439
183,2011-08-05,4.692,4.698,4.759,4.613,8346.0,002439
184,2011-08-08,4.588,4.345,4.61,4.341,7046.0,002439
185,2011-08-09,4.214,4.259,4.378,4.165,4375.0,002439
186,2011-08-10,4.32,4.32,4.4,4.288,3216.0,002439
187,2011-08-11,4.208,4.347,4.369,4.208,2668.0,002439
188,2011-08-12,4.388,4.625,4.704,4.388,3695.0,002439
189,2011-08-15,4.765,4.723,4.818,4.637,7150.0,002439
190,2011-08-16,4.698,4.735,4.814,4.674,2855.0,002439
191,2011-08-17,4.736,4.735,4.759,4.698,1537.0,002439
192,2011-08-18,4.718,4.758,4.842,4.702,4170.0,002439
193,2011-08-19,4.662,4.691,4.707,4.612,2426.0,002439
194,2011-08-22,4.662,4.649,4.705,4.637,1867.0,002439
195,2011-08-23,4.686,4.813,4.881,4.64,3218.0,002439
196,2011-08-24,4.832,4.892,4.937,4.784,3176.0,002439
197,2011-08-25,4.942,4.901,4.947,4.851,3338.0,002439
198,2011-08-26,4.893,4.882,4.929,4.881,1534.0,002439
199,2011-08-29,4.885,4.869,4.917,4.847,1570.0,002439
200,2011-08-30,4.928,4.729,4.928,4.709,2204.0,002439
201,2011-09-01,4.747,4.796,4.836,4.742,1887.0,002439
202,2011-09-02,4.757,4.676,4.813,4.675,1596.0,002439
203,2011-09-05,4.665,4.704,4.759,4.541,1636.0,002439
204,2011-09-06,4.64,4.633,4.696,4.604,554.0,002439
205,2011-09-07,4.746,4.715,4.746,4.613,1575.0,002439
206,2011-09-08,4.753,4.681,4.792,4.66,1840.0,002439
207,2011-09-09,4.64,4.685,4.708,4.54,1204.0,002439
208,2011-09-13,4.655,4.608,4.655,4.586,620.0,002439
209,2011-09-14,4.58,4.68,4.696,4.58,790.0,002439
210,2011-09-15,4.705,4.745,4.759,4.664,1633.0,002439
211,2011-09-16,4.724,4.696,4.819,4.688,1560.0,002439
212,2011-09-19,4.52,4.366,4.686,4.352,3514.0,002439
213,2011-09-20,4.344,4.369,4.449,4.271,2641.0,002439
214,2011-09-21,4.374,4.505,4.51,4.334,2490.0,002439
215,2011-09-22,4.417,4.347,4.515,4.342,2378.0,002439
216,2011-09-23,4.295,4.364,4.364,4.173,2768.0,002439
217,2011-09-26,4.276,4.256,4.361,4.252,892.0,002439
218,2011-09-27,4.271,4.271,4.315,4.222,1455.0,002439
219,2011-09-28,4.32,4.125,4.32,3.956,4822.0,002439
220,2011-09-29,4.003,3.92,4.081,3.92,2040.0,002439
221,2011-09-30,3.998,3.968,3.998,3.912,1147.0,002439
222,2011-10-10,3.968,4.027,4.037,3.939,3242.0,002439
223,2011-10-11,4.066,4.0,4.425,3.905,4361.0,002439
224,2011-10-12,3.983,4.125,4.139,3.673,2717.0,002439
225,2011-10-13,4.1,4.222,4.222,4.1,4788.0,002439
226,2011-10-14,4.244,4.481,4.54,4.169,15028.0,002439
227,2011-10-17,4.415,4.759,4.827,4.364,29470.0,002439
228,2011-10-18,4.718,4.452,4.718,4.432,12145.0,002439
229,2011-10-19,4.393,4.444,4.561,4.393,6383.0,002439
230,2011-10-20,4.4,4.0,4.4,4.0,15842.0,002439
231,2011-10-21,4.051,3.99,4.149,3.978,11830.0,002439
232,2011-10-24,3.915,4.1,4.1,3.822,11935.0,002439
233,2011-10-25,4.076,4.203,4.32,3.993,9912.0,002439
234,2011-10-26,4.149,4.225,4.305,4.125,7751.0,002439
235,2011-10-27,4.171,4.198,4.271,4.161,4774.0,002439
236,2011-10-28,4.295,4.317,4.398,4.222,9477.0,002439
237,2011-10-31,4.308,4.53,4.61,4.271,16202.0,002439
238,2011-11-01,4.466,4.503,4.569,4.442,10767.0,002439
239,2011-11-02,4.391,4.669,4.691,4.361,20245.0,002439
240,2011-11-03,4.74,4.737,4.864,4.674,26444.0,002439
241,2011-11-04,4.757,4.989,5.028,4.73,29928.0,002439
242,2011-11-07,5.028,5.025,5.113,4.874,19956.0,002439
243,2011-11-09,4.93,4.979,5.047,4.759,15531.0,002439
244,2011-11-10,4.881,4.886,5.125,4.859,13659.0,002439
245,2011-11-11,4.854,4.766,4.94,4.718,10247.0,002439
246,2011-11-14,4.766,4.942,4.95,4.766,13473.0,002439
247,2011-11-15,4.991,5.003,5.076,4.881,8094.0,002439
248,2011-11-16,5.072,4.837,5.125,4.832,9590.0,002439
249,2011-11-17,4.867,5.033,5.04,4.832,15300.0,002439
250,2011-11-18,4.981,4.876,5.018,4.832,9266.0,002439
251,2011-11-21,4.815,4.813,4.871,4.725,4457.0,002439
252,2011-11-22,4.801,4.95,4.957,4.759,8960.0,002439
253,2011-11-23,4.95,5.047,5.123,4.913,10850.0,002439
254,2011-11-24,5.035,5.291,5.291,4.95,18040.0,002439
255,2011-11-25,5.325,5.259,5.345,5.198,12273.0,002439
256,2011-11-28,5.259,5.191,5.34,5.15,9198.0,002439
257,2011-11-29,5.22,5.257,5.443,5.22,10715.0,002439
258,2011-11-30,5.203,4.881,5.306,4.803,14469.0,002439
259,2011-12-01,5.003,5.094,5.113,4.95,19026.0,002439
260,2011-12-02,5.074,4.979,5.074,4.832,7585.0,002439
261,2011-12-05,4.991,4.867,4.991,4.81,6181.0,002439
262,2011-12-06,4.881,4.708,4.881,4.637,9429.0,002439
263,2011-12-07,4.637,4.759,4.759,4.637,7792.0,002439
264,2011-12-08,4.723,4.674,4.723,4.295,13348.0,002439
265,2011-12-09,4.601,4.515,4.627,4.515,5282.0,002439
266,2011-12-12,4.559,4.3,4.559,4.298,6567.0,002439
267,2011-12-13,4.203,4.1,4.254,4.1,3712.0,002439
268,2011-12-14,3.903,3.954,4.051,3.815,5600.0,002439
269,2011-12-15,3.946,3.961,4.015,3.883,1791.0,002439
270,2011-12-16,3.929,4.137,4.137,3.91,7232.0,002439
271,2011-12-19,4.103,4.198,4.21,3.976,6036.0,002439
272,2011-12-20,4.205,4.186,4.286,4.122,6071.0,002439
273,2011-12-21,4.217,4.23,4.242,4.125,5759.0,002439
274,2011-12-22,4.198,4.173,4.225,4.003,5357.0,002439
275,2011-12-23,4.173,4.2,4.239,4.09,3635.0,002439
276,2011-12-26,4.393,4.225,4.393,4.222,4745.0,002439
277,2011-12-27,4.173,4.149,4.313,4.078,2964.0,002439
278,2011-12-28,4.112,3.985,4.166,3.883,5485.0,002439
279,2011-12-29,3.929,4.276,4.31,3.917,8700.0,002439
280,2011-12-30,4.234,4.43,4.442,4.149,15153.0,002439
281,2012-01-04,4.444,4.169,4.452,4.161,8022.0,002439
282,2012-01-05,4.186,3.905,4.186,3.905,8929.0,002439
283,2012-01-06,3.949,3.954,4.027,3.605,6663.0,002439
284,2012-01-09,3.905,4.061,4.064,3.82,15768.0,002439
285,2012-01-10,4.025,4.151,4.198,3.978,13838.0,002439
286,2012-01-11,4.147,4.369,4.369,4.108,25692.0,002439
287,2012-01-12,4.295,4.313,4.356,4.271,10976.0,002439
288,2012-01-13,4.239,4.076,4.315,4.051,7570.0,002439
289,2012-01-16,4.027,3.739,4.027,3.685,9976.0,002439
290,2012-01-17,3.739,3.946,3.99,3.685,7184.0,002439
291,2012-01-18,3.946,3.815,3.976,3.807,3462.0,002439
292,2012-01-19,3.698,3.807,3.937,3.698,2494.0,002439
293,2012-01-20,3.905,3.844,3.905,3.766,2591.0,002439
294,2012-01-30,3.856,3.859,3.942,3.851,1939.0,002439
295,2012-01-31,3.82,3.868,3.89,3.82,1366.0,002439
296,2012-02-01,3.903,3.834,3.915,3.832,1950.0,002439
297,2012-02-02,3.78,3.878,3.878,3.78,2085.0,002439
298,2012-02-03,3.849,3.966,4.017,3.849,6177.0,002439
299,2012-02-06,3.954,3.995,4.022,3.907,5939.0,002439
300,2012-02-07,3.985,3.851,3.985,3.812,6293.0,002439
301,2012-02-08,3.851,3.978,3.978,3.832,3913.0,002439
302,2012-02-09,3.959,4.088,4.239,3.959,10323.0,002439
303,2012-02-10,4.054,4.071,4.112,4.007,4392.0,002439
304,2012-02-13,4.025,4.076,4.129,4.005,5830.0,002439
305,2012-02-14,4.059,4.169,4.286,4.059,7246.0,002439
306,2012-02-15,4.161,4.222,4.266,4.151,6573.0,002439
307,2012-02-16,4.222,4.21,4.239,4.183,5065.0,002439
308,2012-02-17,4.21,4.129,4.234,4.103,6173.0,002439
309,2012-02-20,4.181,4.183,4.271,4.149,10959.0,002439
310,2012-02-21,4.171,4.415,4.486,4.151,19530.0,002439
311,2012-02-22,4.391,4.454,4.486,4.337,15795.0,002439
312,2012-02-23,4.466,4.466,4.525,4.393,11130.0,002439
313,2012-02-24,4.408,4.427,4.481,4.369,10711.0,002439
314,2012-02-27,4.405,4.491,4.61,4.403,16707.0,002439
315,2012-02-28,4.469,4.393,4.503,4.271,16431.0,002439
316,2012-02-29,4.344,4.369,4.391,4.313,7811.0,002439
317,2012-03-01,4.325,4.364,4.391,4.293,4606.0,002439
318,2012-03-02,4.388,4.427,4.466,4.364,7658.0,002439
319,2012-03-05,4.449,4.315,4.449,4.315,8330.0,002439
320,2012-03-06,4.295,4.369,4.437,4.295,7624.0,002439
321,2012-03-07,4.31,4.376,4.476,4.293,7297.0,002439
322,2012-03-08,4.369,4.435,4.466,4.369,5691.0,002439
323,2012-03-09,4.459,4.627,4.637,4.398,16012.0,002439
324,2012-03-12,4.637,4.723,4.749,4.586,18020.0,002439
325,2012-03-13,4.723,4.801,4.832,4.686,17151.0,002439
326,2012-03-14,4.845,4.559,4.881,4.42,15811.0,002439
327,2012-03-15,4.586,4.754,4.759,4.552,20498.0,002439
328,2012-03-16,4.779,4.735,4.784,4.588,18306.0,002439
329,2012-03-19,4.732,4.808,4.815,4.601,19035.0,002439
330,2012-03-20,4.852,4.73,4.881,4.71,16269.0,002439
331,2012-03-21,4.705,4.288,4.705,4.256,38276.0,002439
332,2012-03-22,4.244,4.222,4.342,4.181,9706.0,002439
333,2012-03-23,4.22,4.078,4.222,4.068,11523.0,002439
334,2012-03-26,4.068,4.147,4.147,3.905,7734.0,002439
335,2012-03-27,4.151,4.12,4.266,4.12,4540.0,002439
336,2012-03-28,4.1,3.881,4.1,3.863,9333.0,002439
337,2012-04-06,4.269,4.269,4.269,4.215,8972.0,002439
338,2012-04-09,4.515,4.137,4.54,4.029,34328.0,002439
339,2012-04-10,3.924,4.034,4.059,3.903,17044.0,002439
340,2012-04-12,3.995,4.054,4.073,3.954,13387.0,002439
341,2012-04-13,4.029,4.137,4.217,4.003,16271.0,002439
342,2012-04-16,4.086,4.034,4.093,4.032,7718.0,002439
343,2012-04-17,3.966,4.034,4.12,3.966,6111.0,002439
344,2012-04-18,4.039,4.095,4.1,4.015,5911.0,002439
345,2012-04-19,4.076,4.076,4.093,4.037,4661.0,002439
346,2012-04-20,4.076,3.966,4.09,3.932,17760.0,002439
347,2012-04-23,3.961,3.815,3.961,3.771,12116.0,002439
348,2012-04-24,3.815,3.602,3.815,3.461,12593.0,002439
349,2012-04-25,3.575,3.617,3.685,3.514,7833.0,002439
350,2012-04-26,3.658,3.514,3.658,3.485,8859.0,002439
351,2012-04-27,3.519,3.488,3.558,3.471,8340.0,002439
352,2012-05-02,3.568,3.549,3.593,3.51,10997.0,002439
353,2012-05-03,3.539,3.639,3.658,3.495,18644.0,002439
354,2012-05-04,3.639,3.636,3.671,3.612,10123.0,002439
355,2012-05-07,3.641,3.773,3.783,3.641,9496.0,002439
356,2012-05-08,3.793,3.776,3.82,3.707,10815.0,002439
357,2012-05-09,3.773,3.746,3.773,3.71,7769.0,002439
358,2012-05-10,3.832,3.929,4.1,3.832,39706.0,002439
359,2012-05-11,3.846,3.82,3.915,3.82,10596.0,002439
360,2012-05-14,3.78,3.729,3.851,3.729,5789.0,002439
361,2012-05-15,3.693,3.763,3.78,3.568,9578.0,002439
362,2012-05-16,3.741,3.661,3.759,3.656,3111.0,002439
363,2012-05-17,3.639,3.722,3.734,3.636,4977.0,002439
364,2012-05-18,3.663,3.632,3.754,3.629,5955.0,002439
365,2012-05-21,3.612,3.612,3.658,3.597,5108.0,002439
366,2012-05-22,3.612,3.639,3.68,3.6,6831.0,002439
367,2012-05-23,3.612,3.49,3.656,3.366,24575.0,002439
368,2012-05-24,3.417,3.417,3.461,3.37,7730.0,002439
369,2012-05-25,3.419,3.353,3.441,3.344,5897.0,002439
370,2012-05-28,3.493,3.507,3.632,3.417,17464.0,002439
371,2012-05-29,3.444,3.517,3.524,3.414,16190.0,002439
372,2012-05-30,3.517,3.524,3.546,3.466,7779.0,002439
373,2012-05-31,3.517,3.561,3.6,3.49,9412.0,002439
374,2012-06-01,3.561,3.566,3.595,3.527,7419.0,002439
375,2012-06-04,3.444,3.485,3.578,3.424,6067.0,002439
376,2012-06-05,3.505,3.441,3.535,3.436,4497.0,002439
377,2012-06-06,3.429,3.572,3.572,3.429,7375.0,002439
378,2012-06-07,3.618,3.503,3.635,3.49,6280.0,002439
379,2012-06-08,3.552,3.658,3.734,3.5,23856.0,002439
380,2012-06-11,3.663,3.724,3.78,3.66,17938.0,002439
381,2012-06-12,3.699,3.677,3.702,3.635,6220.0,002439
382,2012-06-13,3.719,3.721,3.785,3.663,9409.0,002439
383,2012-06-14,3.682,3.621,3.682,3.574,15264.0,002439
384,2012-06-15,3.613,3.535,3.616,3.481,13025.0,002439
385,2012-06-18,3.535,3.601,3.604,3.488,9948.0,002439
386,2012-06-19,3.589,3.584,3.599,3.547,6221.0,002439
387,2012-06-20,3.586,3.699,3.729,3.557,14321.0,002439
388,2012-06-21,3.699,3.608,3.707,3.581,6466.0,002439
389,2012-06-25,3.635,3.481,3.635,3.481,6393.0,002439
390,2012-06-26,3.456,3.456,3.503,3.404,5376.0,002439
391,2012-06-27,3.461,3.542,3.552,3.461,6350.0,002439
392,2012-06-28,3.552,3.54,3.638,3.498,9702.0,002439
393,2012-06-29,3.52,3.638,3.675,3.505,7386.0,002439
394,2012-07-02,3.638,3.672,3.694,3.591,10374.0,002439
395,2012-07-03,3.66,3.719,3.736,3.608,13635.0,002439
396,2012-07-04,3.663,3.574,3.724,3.559,16459.0,002439
397,2012-07-05,3.542,3.576,3.586,3.486,4976.0,002439
398,2012-07-06,3.596,3.559,3.623,3.49,4999.0,002439
399,2012-07-09,3.564,3.49,3.572,3.478,3913.0,002439
400,2012-07-10,3.493,3.417,3.517,3.417,4549.0,002439
401,2012-07-11,3.419,3.431,3.456,3.39,5041.0,002439
402,2012-07-12,3.454,3.537,3.549,3.392,8230.0,002439
403,2012-07-13,3.515,3.5,3.547,3.49,4995.0,002439
404,2012-07-16,3.493,3.409,3.495,3.404,2963.0,002439
405,2012-07-17,3.407,3.385,3.439,3.282,6612.0,002439
406,2012-07-18,3.385,3.35,3.392,3.284,5608.0,002439
407,2012-07-19,3.343,3.436,3.451,3.331,4929.0,002439
408,2012-07-20,3.417,3.395,3.441,3.392,2198.0,002439
409,2012-07-23,3.392,3.458,3.471,3.392,2707.0,002439
410,2012-07-24,3.454,3.49,3.515,3.427,3521.0,002439
411,2012-07-25,3.537,3.69,3.839,3.493,37225.0,002439
412,2012-07-26,3.682,3.817,3.884,3.572,34866.0,002439
413,2012-07-27,3.798,3.761,3.906,3.658,20146.0,002439
414,2012-07-30,3.714,3.645,3.731,3.601,7527.0,002439
415,2012-07-31,3.635,3.643,3.702,3.554,5272.0,002439
416,2012-08-01,3.726,3.859,3.93,3.694,24030.0,002439
417,2012-08-02,3.687,3.692,3.859,3.643,25649.0,002439
418,2012-08-03,3.724,3.712,3.724,3.663,11857.0,002439
419,2012-08-06,3.682,3.778,3.783,3.631,17574.0,002439
420,2012-08-07,3.736,3.729,3.746,3.677,23238.0,002439
421,2012-08-08,3.702,3.751,3.857,3.702,20892.0,002439
422,2012-08-09,3.761,3.763,3.825,3.69,14125.0,002439
423,2012-08-10,3.785,3.758,3.815,3.714,8667.0,002439
424,2012-08-13,3.739,3.699,3.776,3.665,8951.0,002439
425,2012-08-14,3.68,3.714,3.719,3.638,7610.0,002439
426,2012-08-15,3.736,3.581,3.736,3.54,12326.0,002439
427,2012-08-16,3.564,3.463,3.591,3.463,8383.0,002439
428,2012-08-17,3.461,3.441,3.468,3.412,5982.0,002439
429,2012-08-20,3.439,3.515,3.557,3.429,6298.0,002439
430,2012-08-21,3.527,3.648,3.687,3.478,11319.0,002439
431,2012-08-22,3.64,3.608,3.653,3.594,4657.0,002439
432,2012-08-23,3.576,3.763,3.859,3.576,27057.0,002439
433,2012-08-24,3.749,3.694,3.926,3.613,29670.0,002439
434,2012-08-27,3.663,3.726,3.803,3.623,15498.0,002439
435,2012-08-28,3.753,3.766,3.771,3.663,12174.0,002439
436,2012-08-29,3.704,3.808,3.844,3.687,29598.0,002439
437,2012-08-30,3.763,3.655,3.891,3.535,22185.0,002439
438,2012-08-31,3.687,3.721,3.736,3.616,9315.0,002439
439,2012-09-03,3.712,3.749,3.776,3.665,7840.0,002439
440,2012-09-04,3.739,3.808,3.879,3.739,27408.0,002439
441,2012-09-05,3.78,3.871,3.891,3.749,32492.0,002439
442,2012-09-06,3.871,3.847,3.913,3.788,21324.0,002439
443,2012-09-07,3.859,3.903,3.967,3.83,35118.0,002439
444,2012-09-10,3.849,3.962,3.994,3.835,50250.0,002439
445,2012-09-11,3.913,3.999,4.08,3.889,59806.0,002439
446,2012-09-12,3.999,3.985,4.041,3.921,18913.0,002439
447,2012-09-13,3.943,3.916,4.024,3.913,15805.0,002439
448,2012-09-14,3.928,3.967,4.007,3.911,14255.0,002439
449,2012-09-17,3.955,3.793,3.962,3.756,17327.0,002439
450,2012-09-18,3.793,3.756,3.817,3.69,10651.0,002439
451,2012-09-19,3.736,3.871,3.876,3.736,19938.0,002439
452,2012-09-20,3.835,3.761,3.859,3.739,10519.0,002439
453,2012-09-21,3.761,3.65,3.766,3.613,15390.0,002439
454,2012-09-24,3.645,3.768,3.81,3.645,23011.0,002439
455,2012-09-25,3.753,3.768,3.847,3.753,12509.0,002439
456,2012-09-26,3.749,3.761,3.825,3.709,11170.0,002439
457,2012-09-27,3.761,3.921,4.051,3.761,37655.0,002439
458,2012-09-28,3.876,3.921,4.056,3.862,46260.0,002439
459,2012-10-08,3.896,4.031,4.046,3.835,37675.0,002439
460,2012-10-09,4.007,4.211,4.284,3.989,54418.0,002439
461,2012-10-10,4.203,4.287,4.415,4.203,51249.0,002439
462,2012-10-11,4.277,4.23,4.351,4.181,47094.0,002439
463,2012-10-12,4.272,4.233,4.4,4.225,18682.0,002439
464,2012-10-15,4.23,4.198,4.299,4.127,13906.0,002439
465,2012-10-16,4.198,4.37,4.42,4.198,27971.0,002439
466,2012-10-17,4.412,4.331,4.415,4.314,30321.0,002439
467,2012-10-18,4.314,4.491,4.501,4.304,32739.0,002439
468,2012-10-19,4.452,4.388,4.535,4.368,22819.0,002439
469,2012-10-22,4.368,4.26,4.412,4.245,41082.0,002439
470,2012-10-23,4.265,4.181,4.331,4.13,32141.0,002439
471,2012-10-24,4.181,4.203,4.292,4.161,17230.0,002439
472,2012-10-25,4.216,4.176,4.284,4.142,20307.0,002439
473,2012-10-26,4.179,4.13,4.233,4.095,14011.0,002439
474,2012-10-29,4.228,4.235,4.252,4.134,9799.0,002439
475,2012-10-30,4.238,4.179,4.25,4.179,5542.0,002439
476,2012-10-31,4.149,4.186,4.203,4.137,3792.0,002439
477,2012-11-01,4.191,4.299,4.309,4.191,13948.0,002439
478,2012-11-02,4.302,4.277,4.336,4.26,7690.0,002439
479,2012-11-05,4.277,4.105,4.302,4.046,13906.0,002439
480,2012-11-06,4.105,3.982,4.125,3.948,16774.0,002439
481,2012-11-07,3.96,3.997,4.039,3.96,7006.0,002439
482,2012-11-08,3.96,3.96,4.031,3.953,6609.0,002439
483,2012-11-09,3.953,4.007,4.051,3.896,6456.0,002439
484,2012-11-12,4.051,4.019,4.051,3.933,6669.0,002439
485,2012-11-13,3.985,3.997,4.014,3.889,8579.0,002439
486,2012-11-14,3.997,3.886,4.024,3.854,10088.0,002439
487,2012-11-15,3.839,3.645,3.896,3.498,13928.0,002439
488,2012-11-16,3.579,3.493,3.631,3.49,11905.0,002439
489,2012-11-19,3.486,3.456,3.542,3.404,11497.0,002439
490,2012-11-20,3.446,3.486,3.522,3.412,6396.0,002439
491,2012-11-21,3.483,3.473,3.498,3.348,13298.0,002439
492,2012-11-22,3.478,3.431,3.503,3.402,5570.0,002439
493,2012-11-23,3.441,3.49,3.49,3.414,5668.0,002439
494,2012-11-26,3.49,3.414,3.49,3.399,9279.0,002439
495,2012-11-27,3.382,3.117,3.412,3.107,31679.0,002439
496,2012-11-28,3.122,3.122,3.181,3.07,8653.0,002439
497,2012-11-29,3.146,2.908,3.171,2.876,20543.0,002439
498,2012-11-30,2.952,2.999,2.999,2.913,11774.0,002439
499,2012-12-03,2.999,2.984,3.018,2.96,4938.0,002439
500,2012-12-04,2.984,3.048,3.068,2.893,3860.0,002439
501,2012-12-05,3.046,3.183,3.264,3.041,6915.0,002439
502,2012-12-06,3.183,3.168,3.21,3.154,3007.0,002439
503,2012-12-07,3.114,3.183,3.22,3.114,6447.0,002439
504,2012-12-10,3.195,3.218,3.227,3.154,10222.0,002439
505,2012-12-11,3.203,3.102,3.203,3.097,16298.0,002439
506,2012-12-12,3.109,3.07,3.117,3.06,11299.0,002439
507,2012-12-13,3.063,3.038,3.07,3.026,2807.0,002439
508,2012-12-14,3.038,3.154,3.215,3.038,16957.0,002439
509,2012-12-17,3.193,3.289,3.289,3.156,23312.0,002439
510,2012-12-18,3.299,3.25,3.318,3.235,16329.0,002439
511,2012-12-19,3.223,3.294,3.338,3.223,10572.0,002439
512,2012-12-20,3.279,3.328,3.35,3.254,6527.0,002439
513,2012-12-21,3.34,3.272,3.34,3.195,13968.0,002439
514,2012-12-24,3.264,3.49,3.513,3.245,42370.0,002439
515,2012-12-25,3.54,3.51,3.545,3.399,39349.0,002439
516,2012-12-26,3.49,3.576,3.653,3.49,27219.0,002439
517,2012-12-27,3.54,3.486,3.621,3.471,25488.0,002439
518,2012-12-28,3.49,3.495,3.554,3.402,30366.0,002439
519,2012-12-31,3.486,3.626,3.635,3.486,27964.0,002439
520,2013-01-04,3.626,3.49,3.648,3.471,19956.0,002439
521,2013-01-07,3.466,3.466,3.517,3.417,13038.0,002439
522,2013-01-08,3.473,3.532,3.584,3.441,30341.0,002439
523,2013-01-09,3.483,3.527,3.623,3.446,21087.0,002439
524,2013-01-10,3.515,3.633,3.648,3.503,59598.0,002439
525,2013-01-11,3.687,3.665,3.783,3.606,72390.0,002439
526,2013-01-14,3.648,3.825,3.867,3.64,46464.0,002439
527,2013-01-15,3.82,4.105,4.142,3.798,69849.0,002439
528,2013-01-16,4.066,4.166,4.169,3.982,54371.0,002439
529,2013-01-17,4.159,4.036,4.159,3.975,27443.0,002439
530,2013-01-18,4.019,4.036,4.056,3.903,30166.0,002439
531,2013-01-21,3.975,3.987,4.012,3.933,14161.0,002439
532,2013-01-22,4.007,3.928,4.007,3.849,21379.0,002439
533,2013-01-23,3.928,3.884,3.928,3.8,19471.0,002439
534,2013-01-24,3.847,3.803,3.916,3.564,21295.0,002439
535,2013-01-25,3.766,3.847,3.864,3.763,20705.0,002439
536,2013-01-28,3.852,3.906,3.94,3.81,30339.0,002439
537,2013-01-29,3.93,3.835,3.933,3.803,23078.0,002439
538,2013-01-30,3.835,3.881,3.891,3.81,19610.0,002439
539,2013-01-31,3.874,3.803,3.923,3.741,20144.0,002439
540,2013-02-01,3.803,3.982,3.997,3.714,45242.0,002439
541,2013-02-04,3.994,4.105,4.12,3.982,41411.0,002439
542,2013-02-05,4.095,4.122,4.248,3.982,35990.0,002439
543,2013-02-06,4.105,4.198,4.213,4.068,44097.0,002439
544,2013-02-07,4.181,4.235,4.289,4.13,50576.0,002439
545,2013-02-08,4.186,4.169,4.24,4.056,38415.0,002439
546,2013-02-18,4.161,4.115,4.161,4.031,20546.0,002439
547,2013-02-19,4.102,4.029,4.102,3.935,25433.0,002439
548,2013-02-20,3.987,4.159,4.223,3.987,64107.0,002439
549,2013-02-21,4.154,4.154,4.22,4.085,55788.0,002439
550,2013-02-22,4.144,4.13,4.179,4.043,33368.0,002439
551,2013-02-25,4.093,4.216,4.223,4.073,23502.0,002439
552,2013-02-26,4.198,4.206,4.26,4.093,28764.0,002439
553,2013-02-27,4.206,4.179,4.216,4.093,21507.0,002439
554,2013-02-28,4.058,4.176,4.203,4.046,39425.0,002439
555,2013-03-01,4.176,4.233,4.238,3.948,105635.0,002439
556,2013-03-04,4.105,4.088,4.139,4.066,65950.0,002439
557,2013-03-05,4.154,4.083,4.154,4.021,40793.0,002439
558,2013-03-06,4.122,4.105,4.142,4.036,33667.0,002439
559,2013-03-07,4.1,3.928,4.105,3.916,34386.0,002439
560,2013-03-08,3.928,3.913,3.997,3.889,15382.0,002439
561,2013-03-11,3.889,3.97,4.036,3.884,18715.0,002439
562,2013-03-12,3.98,3.903,3.997,3.822,11895.0,002439
563,2013-03-13,3.884,3.98,4.026,3.79,18240.0,002439
564,2013-03-14,3.975,4.004,4.051,3.938,25552.0,002439
565,2013-03-15,4.043,3.896,4.048,3.879,39837.0,002439
566,2013-03-18,3.933,3.761,3.933,3.761,15394.0,002439
567,2013-03-19,3.744,3.724,3.795,3.567,15802.0,002439
568,2013-03-20,3.724,3.788,3.793,3.697,15075.0,002439
569,2013-03-21,3.805,3.95,3.962,3.798,27805.0,002439
570,2013-03-22,3.945,3.896,3.96,3.871,16563.0,002439
571,2013-03-25,3.884,3.793,3.933,3.751,10311.0,002439
572,2013-03-26,3.756,3.82,3.849,3.756,11507.0,002439
573,2013-03-27,3.763,4.056,4.078,3.763,37371.0,002439
574,2013-03-28,4.021,3.962,4.093,3.943,21651.0,002439
575,2013-03-29,3.94,3.724,4.031,3.604,51556.0,002439
576,2013-04-01,3.699,3.724,3.734,3.584,19047.0,002439
577,2013-04-02,3.746,3.508,3.761,3.404,34991.0,002439
578,2013-04-03,3.468,3.286,3.5,3.21,42952.0,002439
579,2013-04-08,3.254,3.291,3.385,3.195,31037.0,002439
580,2013-04-09,3.274,3.38,3.38,3.274,18776.0,002439
581,2013-04-10,3.372,3.345,3.395,3.291,11654.0,002439
582,2013-04-11,3.363,3.412,3.422,3.35,16696.0,002439
583,2013-04-12,3.456,3.461,3.51,3.417,25029.0,002439
584,2013-04-15,3.429,3.375,3.463,3.272,16904.0,002439
585,2013-04-16,3.333,3.434,3.441,3.306,15715.0,002439
586,2013-04-17,3.419,3.498,3.498,3.419,13991.0,002439
587,2013-04-18,3.478,3.451,3.503,3.419,10929.0,002439
588,2013-04-19,3.463,3.495,3.522,3.419,12083.0,002439
589,2013-04-22,3.456,3.488,3.508,3.449,12612.0,002439
590,2013-04-23,3.5,3.355,3.51,3.272,21834.0,002439
591,2013-04-24,3.331,3.348,3.37,3.252,20614.0,002439
592,2013-04-25,3.318,3.38,3.414,3.259,30203.0,002439
593,2013-04-26,3.38,3.181,3.387,3.112,41452.0,002439
594,2013-05-02,3.149,3.235,3.269,3.114,18617.0,002439
595,2013-05-03,3.235,3.291,3.306,3.223,18236.0,002439
596,2013-05-06,3.289,3.522,3.567,3.282,44691.0,002439
597,2013-05-07,3.517,3.54,3.633,3.486,29825.0,002439
598,2013-05-08,3.564,3.613,3.616,3.51,19984.0,002439
599,2013-05-09,3.589,3.734,3.758,3.562,37354.0,002439
600,2013-05-10,3.736,3.687,3.736,3.64,13279.0,002439
601,2013-05-13,3.685,3.82,3.827,3.667,24317.0,002439
602,2013-05-14,3.788,3.822,3.844,3.736,17021.0,002439
603,2013-05-15,3.79,3.862,3.884,3.761,20029.0,002439
604,2013-05-16,3.862,3.785,3.916,3.665,37569.0,002439
605,2013-05-17,3.785,3.763,3.795,3.717,19569.0,002439
606,2013-05-20,3.83,3.849,3.982,3.81,29838.0,002439
607,2013-05-21,3.849,3.994,4.068,3.849,34601.0,002439
608,2013-05-22,3.982,3.901,4.026,3.874,21547.0,002439
609,2013-05-23,3.898,3.916,4.039,3.867,14947.0,002439
610,2013-05-24,3.926,3.997,4.043,3.896,22114.0,002439
611,2013-05-27,3.999,4.095,4.154,3.999,25997.0,002439
612,2013-05-28,4.105,3.881,4.117,3.837,37829.0,002439
613,2013-05-29,3.871,3.972,4.002,3.832,29274.0,002439
614,2013-05-30,3.935,4.031,4.073,3.896,34586.0,002439
615,2013-05-31,4.024,4.137,4.284,4.014,58212.0,002439
616,2013-06-03,4.166,4.098,4.198,4.051,32588.0,002439
617,2013-06-04,4.105,3.886,4.11,3.785,33149.0,002439
618,2013-06-05,3.876,3.871,3.908,3.768,14964.0,002439
619,2013-06-06,3.835,3.876,3.921,3.827,14827.0,002439
620,2013-06-07,3.881,3.854,3.921,3.726,20451.0,002439
621,2013-06-13,3.81,4.149,4.238,3.67,61689.0,002439
622,2013-06-14,4.105,4.275,4.284,4.09,78707.0,002439
623,2013-06-17,4.289,4.444,4.641,4.277,126041.0,002439
624,2013-06-18,4.439,4.486,4.584,4.338,88118.0,002439
625,2013-06-19,4.449,4.358,4.486,4.302,52337.0,002439
626,2013-06-20,4.265,4.164,4.319,4.107,45011.0,002439
627,2013-06-21,4.071,4.147,4.228,3.953,40884.0,002439
628,2013-06-24,4.179,3.957,4.321,3.886,78586.0,002439
629,2013-06-25,4.007,4.026,4.085,3.562,72653.0,002439
630,2013-06-26,3.987,4.429,4.429,3.987,72976.0,002439
631,2013-06-27,4.552,4.673,4.791,4.511,157870.0,002439
632,2013-06-28,4.624,4.837,4.85,4.538,112644.0,002439
633,2013-07-01,4.695,4.916,4.968,4.673,75475.0,002439
634,2013-07-02,4.818,4.805,4.965,4.793,54366.0,002439
635,2013-07-03,4.739,5.059,5.15,4.732,75233.0,002439
636,2013-07-04,4.965,4.864,5.039,4.837,49412.0,002439
637,2013-07-05,4.862,4.689,4.931,4.672,48345.0,002439
638,2013-07-08,4.447,4.729,4.964,4.427,47769.0,002439
639,2013-07-09,4.694,4.783,4.818,4.623,25802.0,002439
640,2013-07-10,4.791,4.786,4.904,4.714,30955.0,002439
641,2013-07-11,4.81,4.892,4.917,4.6,50199.0,002439
642,2013-07-12,4.842,4.761,5.087,4.761,54954.0,002439
643,2013-07-15,4.818,5.238,5.238,4.798,74767.0,002439
644,2013-07-16,5.428,5.653,5.653,5.337,75985.0,002439
645,2013-07-17,5.561,5.559,5.68,5.435,35847.0,002439
646,2013-07-18,5.51,5.737,5.93,5.51,53577.0,002439
647,2013-07-19,5.682,5.692,5.905,5.611,41540.0,002439
648,2013-07-22,5.633,5.855,5.927,5.537,44606.0,002439
649,2013-07-23,6.006,5.873,6.164,5.781,57812.0,002439
650,2013-07-24,5.93,6.016,6.053,5.855,46178.0,002439
651,2013-07-25,6.016,5.633,6.051,5.584,46299.0,002439
652,2013-07-26,5.655,5.554,5.655,5.364,37775.0,002439
653,2013-07-29,5.623,5.715,5.969,5.512,41772.0,002439
654,2013-07-30,5.685,5.339,5.752,5.327,47263.0,002439
655,2013-07-31,5.374,5.349,5.497,5.329,23614.0,002439
656,2013-08-01,5.349,5.776,5.806,5.267,37153.0,002439
657,2013-08-02,5.744,6.009,6.122,5.727,48394.0,002439
658,2013-08-05,5.984,6.056,6.125,5.937,23621.0,002439
659,2013-08-06,6.026,6.102,6.27,6.006,38801.0,002439
660,2013-08-07,6.093,5.823,6.147,5.732,36093.0,002439
661,2013-08-08,5.732,5.7,5.917,5.648,22248.0,002439
662,2013-08-09,5.769,5.88,5.986,5.584,42579.0,002439
663,2013-08-12,5.925,5.596,5.925,5.547,56377.0,002439
664,2013-08-13,5.611,5.549,5.655,5.505,32359.0,002439
665,2013-08-14,5.549,6.026,6.098,5.537,66128.0,002439
666,2013-08-15,5.979,6.028,6.275,5.932,48991.0,002439
667,2013-08-16,5.954,6.275,6.552,5.808,68146.0,002439
668,2013-08-19,6.35,6.658,6.728,6.226,74461.0,002439
669,2013-08-20,6.55,6.535,6.644,6.473,66118.0,002439
670,2013-08-21,6.461,6.288,6.461,6.221,47133.0,002439
671,2013-08-22,6.29,6.332,6.369,6.236,30163.0,002439
672,2013-08-23,6.495,6.527,6.606,6.35,62907.0,002439
673,2013-08-26,6.527,6.552,6.965,6.527,50569.0,002439
674,2013-08-27,6.448,6.673,6.737,6.327,62068.0,002439
675,2013-08-28,6.535,6.72,6.794,6.5,54686.0,002439
676,2013-08-29,6.703,6.515,6.703,6.473,32457.0,002439
677,2013-08-30,6.5,6.243,6.5,6.06,50589.0,002439
678,2013-09-02,6.179,6.275,6.446,6.152,20747.0,002439
679,2013-09-03,6.251,6.374,6.414,6.231,19787.0,002439
680,2013-09-04,6.35,6.312,6.458,6.3,19969.0,002439
681,2013-09-05,6.278,6.584,6.592,6.14,32828.0,002439
682,2013-09-06,6.522,6.621,6.713,6.404,29202.0,002439
683,2013-09-09,6.498,6.3,6.572,6.177,52149.0,002439
684,2013-09-10,6.298,6.031,6.298,5.964,44632.0,002439
685,2013-09-11,6.033,5.853,6.058,5.626,44183.0,002439
686,2013-09-12,5.806,5.732,5.954,5.668,30719.0,002439
687,2013-09-13,5.732,5.976,6.041,5.626,35890.0,002439
688,2013-09-16,5.949,5.981,6.098,5.868,32714.0,002439
689,2013-09-17,5.979,6.016,6.078,5.892,26954.0,002439
690,2013-09-18,5.991,5.91,6.073,5.885,16881.0,002439
691,2013-09-23,6.078,6.5,6.5,6.078,73207.0,002439
692,2013-09-24,6.619,6.942,6.965,6.51,76866.0,002439
693,2013-09-25,6.918,6.812,6.918,6.742,38718.0,002439
694,2013-09-26,6.77,6.535,6.77,6.473,35302.0,002439
695,2013-09-27,6.532,6.56,6.668,6.473,18492.0,002439
696,2013-09-30,6.574,6.767,6.967,6.574,36637.0,002439
697,2013-10-08,6.807,7.091,7.367,6.742,46542.0,002439
698,2013-10-09,7.068,7.185,7.264,6.992,25712.0,002439
699,2013-10-10,7.177,6.849,7.18,6.797,30677.0,002439
700,2013-10-11,6.868,6.732,7.039,6.683,24386.0,002439
701,2013-10-14,6.76,7.165,7.165,6.621,39269.0,002439
702,2013-10-15,7.148,7.002,7.274,6.97,22800.0,002439
703,2013-10-16,6.945,6.547,6.967,6.522,35428.0,002439
704,2013-10-17,6.564,6.56,6.787,6.478,21482.0,002439
705,2013-10-18,6.54,6.975,7.004,6.54,31456.0,002439
706,2013-10-21,7.024,7.338,7.573,7.024,56521.0,002439
707,2013-10-22,7.301,7.412,7.498,7.232,37514.0,002439
708,2013-10-23,7.325,7.083,7.33,6.671,43618.0,002439
709,2013-10-24,7.012,7.017,7.086,6.868,12240.0,002439
710,2013-10-25,7.012,6.545,7.16,6.399,30594.0,002439
711,2013-10-28,6.547,6.041,6.646,6.004,48827.0,002439
712,2013-10-29,6.028,6.102,6.117,5.645,41275.0,002439
713,2013-10-30,6.004,6.238,6.285,5.932,38157.0,002439
714,2013-10-31,6.256,6.214,6.335,6.083,22410.0,002439
715,2013-11-01,6.127,6.115,6.169,5.979,15490.0,002439
716,2013-11-04,6.078,6.115,6.216,6.016,15560.0,002439
717,2013-11-05,6.053,6.243,6.275,5.88,14325.0,002439
718,2013-11-06,6.224,6.201,6.473,6.177,19641.0,002439
719,2013-11-07,6.177,5.957,6.224,5.957,13695.0,002439
720,2013-11-08,5.927,5.855,6.004,5.806,13647.0,002439
721,2013-11-11,5.895,5.949,6.011,5.759,10512.0,002439
722,2013-11-12,5.858,5.979,6.041,5.833,7147.0,002439
723,2013-11-13,6.424,6.275,6.518,6.238,45267.0,002439
724,2013-11-14,6.288,6.903,6.903,6.221,57286.0,002439
725,2013-11-15,7.029,7.288,7.555,6.918,100935.0,002439
726,2013-11-18,7.362,7.291,7.607,7.145,91445.0,002439
727,2013-11-19,7.199,7.108,7.251,7.078,62322.0,002439
728,2013-11-20,7.115,7.162,7.372,7.081,57943.0,002439
729,2013-11-21,7.041,6.807,7.041,6.735,49780.0,002439
730,2013-11-22,6.844,6.812,6.938,6.757,25348.0,002439
731,2013-11-25,6.821,6.698,6.942,6.676,27283.0,002439
732,2013-11-26,6.713,6.856,7.002,6.708,40565.0,002439
733,2013-11-27,6.861,7.172,7.19,6.844,48734.0,002439
734,2013-11-28,7.182,7.066,7.311,7.051,35655.0,002439
735,2013-11-29,7.066,7.412,7.486,7.041,38347.0,002439
736,2013-12-02,7.083,6.671,7.091,6.671,50332.0,002439
737,2013-12-03,6.448,6.77,6.893,6.233,38331.0,002439
738,2013-12-04,6.725,6.658,6.905,6.599,34012.0,002439
739,2013-12-05,6.641,6.641,6.794,6.597,17924.0,002439
740,2013-12-06,6.597,6.713,6.728,6.597,16278.0,002439
741,2013-12-09,6.767,6.92,6.94,6.767,26257.0,002439
742,2013-12-10,6.923,7.041,7.041,6.794,28590.0,002439
743,2013-12-11,6.994,7.311,7.387,6.994,48457.0,002439
744,2013-12-12,7.239,7.385,7.437,7.115,35491.0,002439
745,2013-12-13,7.301,7.362,7.449,7.239,22734.0,002439
746,2013-12-16,7.338,7.424,7.447,7.088,32947.0,002439
747,2013-12-17,7.358,7.671,7.802,7.167,41539.0,002439
748,2013-12-18,7.602,7.607,7.708,7.419,22949.0,002439
749,2013-12-19,7.629,7.55,7.708,7.424,21509.0,002439
750,2013-12-20,7.535,7.521,7.605,7.239,27584.0,002439
751,2013-12-23,7.56,7.34,7.582,7.11,24893.0,002439
752,2013-12-24,7.338,8.074,8.074,7.251,72566.0,002439
753,2013-12-25,8.19,8.272,8.351,8.059,44101.0,002439
754,2013-12-26,8.227,8.035,8.385,7.933,43612.0,002439
755,2013-12-27,8.03,8.23,8.393,7.973,32630.0,002439
756,2013-12-30,8.21,8.153,8.521,8.104,30391.0,002439
757,2013-12-31,7.98,7.881,8.126,7.659,29142.0,002439
758,2014-01-02,7.867,8.153,8.277,7.785,16566.0,002439
759,2014-01-03,8.151,8.173,8.235,7.955,16801.0,002439
760,2014-01-06,8.173,8.079,8.511,7.909,32812.0,002439
761,2014-01-07,7.946,7.896,8.081,7.79,18676.0,002439
762,2014-01-08,7.896,8.687,8.687,7.881,54536.0,002439
763,2014-01-09,8.524,8.519,8.744,8.44,53094.0,002439
764,2014-01-10,8.516,7.666,8.548,7.666,72913.0,002439
765,2014-01-13,7.827,8.005,8.2,7.758,40102.0,002439
766,2014-01-14,7.916,8.054,8.153,7.906,25547.0,002439
767,2014-01-15,8.052,8.193,8.203,7.98,19701.0,002439
768,2014-01-16,8.205,8.057,8.692,8.054,32678.0,002439
769,2014-01-17,8.054,7.881,8.054,7.691,29905.0,002439
770,2014-01-20,7.857,7.955,8.005,7.785,17199.0,002439
771,2014-01-21,7.884,8.326,8.363,7.862,19433.0,002439
772,2014-01-22,8.536,8.417,8.647,8.296,40737.0,002439
773,2014-01-23,8.353,8.504,8.585,8.178,50818.0,002439
774,2014-01-24,8.44,8.87,9.018,8.319,61914.0,002439
775,2014-01-27,8.744,9.527,9.554,8.744,58182.0,002439
776,2014-01-28,9.401,9.487,9.537,9.178,34207.0,002439
777,2014-01-29,9.482,9.438,9.556,9.228,24216.0,002439
778,2014-01-30,9.428,9.388,9.507,9.062,22850.0,002439
779,2014-02-07,9.364,9.719,9.784,9.094,36729.0,002439
780,2014-02-10,9.71,9.729,9.878,9.507,32830.0,002439
781,2014-02-11,9.635,9.329,9.705,9.191,33854.0,002439
782,2014-02-12,9.359,9.46,9.46,9.092,27263.0,002439
783,2014-02-13,9.512,8.845,9.561,8.808,34561.0,002439
784,2014-02-14,8.771,8.983,8.986,8.588,35794.0,002439
785,2014-02-17,8.981,9.388,9.497,8.921,34134.0,002439
786,2014-02-18,9.388,9.235,9.455,9.117,31054.0,002439
787,2014-02-19,9.282,9.786,9.932,9.282,58073.0,002439
788,2014-02-20,9.749,9.29,9.749,9.228,33222.0,002439
789,2014-02-21,9.215,9.265,9.487,9.124,24034.0,002439
790,2014-02-24,9.245,9.334,9.379,8.973,23265.0,002439
791,2014-02-25,9.339,8.823,9.611,8.697,43571.0,002439
792,2014-02-26,8.647,8.724,8.939,8.351,26984.0,002439
793,2014-02-27,8.726,8.543,8.971,8.445,23644.0,002439
794,2014-02-28,9.388,9.238,9.388,8.884,56591.0,002439
795,2014-03-03,9.089,9.411,9.586,9.023,40559.0,002439
796,2014-03-04,9.26,9.156,9.26,8.909,26111.0,002439
797,2014-03-05,9.092,8.919,9.211,8.845,18582.0,002439
798,2014-03-06,8.845,8.687,8.894,8.546,15751.0,002439
799,2014-03-07,8.674,8.835,8.936,8.66,11965.0,002439
800,2014-03-10,8.82,8.645,8.82,8.573,21378.0,002439
801,2014-03-11,8.573,8.375,8.645,8.054,33808.0,002439
802,2014-03-12,8.277,8.165,8.301,7.906,24356.0,002439
803,2014-03-13,8.156,8.329,8.351,8.104,13130.0,002439
804,2014-03-14,8.205,8.425,8.632,8.205,18890.0,002439
805,2014-03-17,8.536,8.593,8.613,8.314,21831.0,002439
806,2014-03-18,8.595,8.795,9.013,8.511,22835.0,002439
807,2014-03-19,8.788,8.988,9.092,8.786,25170.0,002439
808,2014-03-20,8.988,8.148,9.013,8.148,35364.0,002439
809,2014-03-21,8.074,8.375,8.553,7.758,31548.0,002439
810,2014-03-24,8.771,8.4,8.808,8.366,34807.0,002439
811,2014-03-25,8.366,8.613,8.694,8.351,13684.0,002439
812,2014-03-26,8.615,8.635,8.669,8.469,11566.0,002439
813,2014-03-27,8.613,8.119,8.613,8.119,15293.0,002439
814,2014-03-28,8.121,7.412,8.222,7.313,25496.0,002439
815,2014-03-31,7.605,7.696,7.758,7.484,27862.0,002439
816,2014-04-01,7.684,8.235,8.294,7.684,23645.0,002439
817,2014-04-02,8.227,8.289,8.356,8.165,14651.0,002439
818,2014-04-03,8.375,8.153,8.375,8.128,10306.0,002439
819,2014-04-04,8.217,8.141,8.217,8.005,12515.0,002439
820,2014-04-08,8.101,8.123,8.141,7.832,11190.0,002439
821,2014-04-09,8.168,8.324,8.368,8.153,11895.0,002439
822,2014-04-10,8.398,8.672,8.956,8.277,32842.0,002439
823,2014-04-11,8.548,8.598,8.672,8.4,15247.0,002439
824,2014-04-14,8.593,8.783,8.842,8.45,18824.0,002439
825,2014-04-15,8.741,8.808,8.973,8.721,18423.0,002439
826,2014-04-16,8.813,8.684,9.015,8.603,17678.0,002439
827,2014-04-17,8.605,8.618,8.783,8.563,8991.0,002439
828,2014-04-18,8.576,8.6,8.647,8.521,7222.0,002439
829,2014-04-21,8.598,8.595,8.795,8.504,12824.0,002439
830,2014-04-22,8.536,8.4,8.613,8.235,9260.0,002439
831,2014-04-23,8.375,8.361,8.494,8.291,5671.0,002439
832,2014-04-24,8.299,8.178,8.299,8.079,7645.0,002439
833,2014-04-25,8.03,7.975,8.193,7.955,8886.0,002439
834,2014-04-28,7.983,7.447,8.03,7.407,15279.0,002439
835,2014-04-29,7.506,7.526,7.61,7.412,9294.0,002439
836,2014-04-30,7.535,7.61,7.629,7.419,12003.0,002439
837,2014-05-05,7.597,7.585,7.617,7.424,6935.0,002439
838,2014-05-06,7.585,7.708,7.899,7.531,15640.0,002439
839,2014-05-07,7.721,7.498,7.721,7.498,6667.0,002439
840,2014-05-08,7.501,7.587,7.728,7.501,10084.0,002439
841,2014-05-09,7.587,7.177,7.634,7.115,14232.0,002439
842,2014-05-12,7.182,7.266,7.283,7.044,9721.0,002439
843,2014-05-13,7.313,7.38,7.464,7.264,12475.0,002439
844,2014-05-14,7.31,7.38,7.424,7.226,12697.0,002439
845,2014-05-15,7.395,7.226,7.623,7.186,24237.0,002439
846,2014-05-16,7.186,7.251,7.281,6.988,24226.0,002439
847,2014-05-19,7.281,7.157,7.3,7.087,9454.0,002439
848,2014-05-20,7.246,7.404,7.608,7.246,35404.0,002439
849,2014-05-21,7.434,7.806,7.841,7.434,58618.0,002439
850,2014-05-22,7.746,8.227,8.505,7.746,89160.0,002439
851,2014-05-23,8.425,8.867,8.921,8.237,160527.0,002439
852,2014-05-26,8.723,8.857,9.322,8.589,111205.0,002439
853,2014-05-27,9.01,8.921,9.124,8.772,69123.0,002439
854,2014-05-28,8.971,9.337,9.402,8.971,114553.0,002439
855,2014-05-29,9.318,9.417,9.754,9.169,128295.0,002439
856,2014-05-30,9.417,9.362,9.65,9.01,83861.0,002439
857,2014-06-03,9.204,9.134,9.218,8.822,59819.0,002439
858,2014-06-04,9.109,9.412,9.516,8.921,71998.0,002439
859,2014-06-05,9.362,9.367,9.377,9.134,46447.0,002439
860,2014-06-06,9.367,9.268,9.664,9.218,65020.0,002439
861,2014-06-09,9.02,8.971,9.199,8.931,42745.0,002439
862,2014-06-10,8.976,9.144,9.209,8.797,59964.0,002439
863,2014-06-11,9.169,9.209,9.313,9.06,53246.0,002439
864,2014-06-12,9.218,9.159,9.308,8.971,47086.0,002439
865,2014-06-13,9.134,9.387,9.555,9.02,73687.0,002439
866,2014-06-18,9.714,10.165,10.324,9.481,175753.0,002439
867,2014-06-19,9.813,9.61,10.091,9.204,103139.0,002439
868,2014-06-20,9.466,9.61,9.813,9.367,31489.0,002439
869,2014-06-23,9.739,9.739,9.897,9.62,46816.0,002439
870,2014-06-24,9.714,9.863,9.972,9.714,41145.0,002439
871,2014-06-25,9.868,9.704,9.883,9.58,24592.0,002439
872,2014-06-26,9.769,9.912,9.952,9.769,50153.0,002439
873,2014-06-27,9.982,10.7,10.903,9.843,107578.0,002439
874,2014-06-30,10.557,10.601,10.68,10.358,50123.0,002439
875,2014-07-01,10.601,10.899,11.003,10.348,53483.0,002439
876,2014-07-02,10.804,10.73,10.923,10.601,34940.0,002439
877,2014-07-03,10.646,10.507,10.72,10.457,33773.0,002439
878,2014-07-04,11.003,10.685,11.151,10.656,52006.0,002439
879,2014-07-07,10.532,10.775,10.879,10.462,28091.0,002439
880,2014-07-08,10.755,10.953,11.077,10.661,45030.0,002439
881,2014-07-09,10.864,10.329,10.879,10.299,56913.0,002439
882,2014-07-10,10.324,10.061,10.353,9.912,64218.0,002439
883,2014-07-11,10.091,10.056,10.15,9.902,31905.0,002439
884,2014-07-14,9.912,10.106,10.145,9.912,26392.0,002439
885,2014-07-15,10.101,9.526,10.155,9.501,66259.0,002439
886,2014-07-16,9.565,8.896,9.565,8.673,121596.0,002439
887,2014-07-17,8.871,8.624,8.876,8.515,65122.0,002439
888,2014-07-18,8.624,8.767,8.797,8.579,38656.0,002439
889,2014-07-21,8.723,8.951,9.01,8.673,30898.0,002439
890,2014-07-22,8.961,9.174,9.288,8.822,39583.0,002439
891,2014-07-23,9.199,8.995,9.199,8.782,38992.0,002439
892,2014-07-24,8.916,9.095,9.139,8.425,40406.0,002439
893,2014-07-25,9.119,9.387,9.466,9.015,45806.0,002439
894,2014-07-28,9.397,9.56,9.754,9.179,44421.0,002439
895,2014-07-29,9.56,9.412,9.739,9.377,55577.0,002439
896,2014-07-30,9.417,9.436,9.555,9.134,63237.0,002439
897,2014-07-31,9.367,9.253,9.397,9.184,42291.0,002439
898,2014-08-01,9.218,8.961,9.253,8.921,50988.0,002439
899,2014-08-04,9.754,9.332,9.858,9.199,93570.0,002439
900,2014-08-05,9.516,9.65,9.709,9.377,117154.0,002439
901,2014-08-06,9.65,9.952,10.12,9.417,105237.0,002439
902,2014-08-07,9.912,9.833,10.071,9.778,73324.0,002439
903,2014-08-08,9.858,9.997,10.046,9.823,60081.0,002439
904,2014-08-11,10.031,10.066,10.086,9.803,66597.0,002439
905,2014-08-12,10.061,10.066,10.155,9.927,46363.0,002439
906,2014-08-13,10.076,9.982,10.101,9.813,37916.0,002439
907,2014-08-14,10.001,9.987,10.111,9.917,50072.0,002439
908,2014-08-15,9.962,10.2,10.259,9.917,63021.0,002439
909,2014-08-18,10.205,10.537,10.562,10.205,56232.0,002439
910,2014-08-19,10.537,10.601,10.844,10.438,50508.0,002439
911,2014-08-20,10.512,10.205,10.522,10.16,51931.0,002439
912,2014-08-21,10.185,10.096,10.259,9.853,53511.0,002439
913,2014-08-22,10.016,10.106,10.135,9.992,26952.0,002439
914,2014-08-25,10.096,10.413,10.502,9.947,51319.0,002439
915,2014-08-26,10.343,10.011,10.408,10.001,34390.0,002439
916,2014-08-27,10.011,10.001,10.19,10.001,25756.0,002439
917,2014-08-28,9.922,10.086,10.125,9.917,30664.0,002439
918,2014-08-29,10.066,10.091,10.13,9.972,26269.0,002439
919,2014-09-01,10.076,10.581,10.581,10.071,61015.0,002439
920,2014-09-02,10.661,10.685,10.755,10.393,63049.0,002439
921,2014-09-03,10.705,11.022,11.399,10.705,73478.0,002439
922,2014-09-04,11.067,11.047,11.191,10.844,63515.0,002439
923,2014-09-05,11.102,10.958,11.107,10.849,48741.0,002439
924,2014-09-19,11.82,11.201,11.82,11.052,136739.0,002439
925,2014-09-22,11.226,12.083,12.266,11.201,151406.0,002439
926,2014-09-23,11.82,12.281,12.519,11.701,114937.0,002439
927,2014-09-24,12.197,12.053,12.43,12.043,79133.0,002439
928,2014-09-25,12.143,11.919,12.504,11.87,86686.0,002439
929,2014-09-26,11.796,11.573,11.796,11.498,76292.0,002439
930,2014-09-29,11.796,11.696,11.979,11.662,49490.0,002439
931,2014-09-30,11.721,11.994,12.038,11.701,52332.0,002439
932,2014-10-08,12.385,12.643,12.688,12.147,104547.0,002439
933,2014-10-09,12.732,12.509,12.831,12.316,80156.0,002439
934,2014-10-10,12.341,12.212,12.539,12.177,51968.0,002439
935,2014-10-13,12.202,11.895,12.202,11.587,63941.0,002439
936,2014-10-14,11.919,11.91,12.019,11.706,46622.0,002439
937,2014-10-15,11.89,11.796,11.89,11.696,34721.0,002439
938,2014-10-16,11.741,11.582,12.113,11.573,50873.0,002439
939,2014-10-17,11.513,11.498,11.548,11.176,66885.0,002439
940,2014-10-20,11.444,11.573,11.682,11.399,39022.0,002439
941,2014-10-21,11.449,11.379,11.647,11.34,30660.0,002439
942,2014-10-22,11.483,11.592,11.771,11.483,53459.0,002439
943,2014-10-23,11.627,11.201,11.696,11.102,42962.0,002439
944,2014-10-24,11.201,11.067,11.345,10.973,26991.0,002439
945,2014-10-27,11.047,11.181,11.25,10.844,24985.0,002439
946,2014-10-28,11.236,11.578,11.622,11.236,42669.0,002439
947,2014-10-29,11.672,11.761,11.895,11.587,47997.0,002439
948,2014-10-30,11.815,11.696,11.82,11.498,43318.0,002439
949,2014-10-31,11.706,11.444,11.781,11.33,35494.0,002439
950,2014-11-03,11.449,11.637,11.89,11.449,35113.0,002439
951,2014-11-04,11.632,11.345,11.632,11.33,41832.0,002439
952,2014-11-05,11.325,11.146,11.325,11.052,32045.0,002439
953,2014-11-06,11.285,11.226,11.389,11.057,27987.0,002439
954,2014-11-07,11.28,11.181,11.523,11.122,33819.0,002439
955,2014-11-10,11.151,11.345,11.647,10.685,71906.0,002439
956,2014-11-11,11.201,10.656,11.226,10.259,64746.0,002439
957,2014-11-12,10.581,10.69,10.844,10.472,23779.0,002439
958,2014-11-13,10.641,10.12,10.685,9.848,66438.0,002439
959,2014-11-14,10.011,10.13,10.155,9.922,28906.0,002439
960,2014-11-17,10.19,10.284,10.373,9.962,21375.0,002439
961,2014-11-18,10.284,10.601,10.72,10.284,42142.0,002439
962,2014-11-19,10.661,10.928,11.042,10.512,51115.0,002439
963,2014-11-20,10.903,10.71,10.903,10.596,31284.0,002439
964,2014-11-21,10.7,10.903,11.107,10.661,52890.0,002439
965,2014-11-24,10.903,10.849,11.003,10.636,64782.0,002439
966,2014-11-25,10.884,11.027,11.087,10.844,52711.0,002439
967,2014-11-26,11.057,11.498,11.617,10.928,101380.0,002439
968,2014-11-27,11.399,11.548,11.553,11.3,61949.0,002439
969,2014-11-28,11.573,12.242,12.41,11.459,128365.0,002439
970,2014-12-01,12.242,12.366,12.554,11.696,102463.0,002439
971,2014-12-02,12.252,13.233,13.605,12.192,183270.0,002439
972,2014-12-03,13.233,13.728,13.738,12.94,125340.0,002439
973,2014-12-04,13.54,13.53,14.075,13.431,114312.0,002439
974,2014-12-05,13.382,13.005,13.382,12.247,129056.0,002439
975,2015-03-12,14.303,14.303,14.303,14.303,2858.0,002439
976,2015-03-13,15.736,15.736,15.736,15.736,462.0,002439
977,2015-03-16,17.312,17.312,17.312,17.312,69682.0,002439
978,2015-03-17,19.041,19.041,19.041,18.348,173915.0,002439
979,2015-03-18,19.824,20.945,20.945,19.165,282358.0,002439
980,2015-03-19,21.212,20.419,21.217,19.626,259231.0,002439
981,2015-03-20,20.043,21.163,21.752,19.884,235857.0,002439
982,2015-03-23,21.113,22.352,23.279,20.627,227885.0,002439
983,2015-03-24,22.352,22.724,23.284,21.42,196882.0,002439
984,2015-03-25,22.55,22.075,22.763,21.817,138815.0,002439
985,2015-03-26,21.559,20.543,21.559,20.072,145786.0,002439
986,2015-03-27,20.271,20.806,20.964,20.271,74181.49,002439
987,2015-03-30,21.43,21.257,22.055,20.89,97822.0,002439
988,2015-03-31,21.559,21.564,22.208,20.915,103536.0,002439
989,2015-04-01,21.311,21.856,22.144,21.103,118119.0,002439
990,2015-04-02,21.946,24.042,24.042,21.752,170207.0,002439
991,2015-04-03,23.789,25.697,26.262,23.547,164606.0,002439
992,2015-04-07,25.658,25.916,27.194,25.132,140924.0,002439
993,2015-04-08,25.574,24.354,25.747,23.596,133873.0,002439
994,2015-04-09,23.988,25.945,26.362,22.317,137702.0,002439
995,2015-04-10,25.97,26.5,27.16,25.336,108209.0,002439
996,2015-04-13,26.059,25.93,27.655,25.712,85676.0,002439
997,2015-04-14,25.777,25.028,25.861,24.627,88853.0,002439
998,2015-04-15,24.686,22.649,24.721,22.649,100418.0,002439
999,2015-04-16,21.807,23.418,23.814,21.609,116570.0,002439
1000,2015-04-17,23.437,22.996,23.864,22.635,87597.0,002439
1001,2015-04-20,22.848,22.555,23.571,21.807,114391.0,002439
1002,2015-04-21,22.773,24.81,24.81,22.555,181595.0,002439
1003,2015-04-22,26.044,25.281,27.293,25.128,209710.0,002439
1004,2015-04-23,24.81,26.689,27.011,24.126,149381.0,002439
1005,2015-04-24,25.925,27.843,28.547,25.772,151316.0,002439
1006,2015-04-27,28.547,27.878,29.98,27.397,132597.0,002439
1007,2015-04-28,27.432,25.821,28.176,25.524,117830.0,002439
1008,2015-04-29,25.524,27.536,27.754,25.172,106995.0,002439
1009,2015-04-30,27.259,26.644,28.086,26.267,95717.0,002439
1010,2015-05-04,26.713,26.069,26.986,24.285,80532.0,002439
1011,2015-05-05,25.331,25.132,26.054,24.667,70800.0,002439
1012,2015-05-06,25.455,26.367,27.645,25.301,130214.0,002439
1013,2015-05-07,25.772,25.37,26.02,24.781,118623.0,002439
1014,2015-05-08,25.772,27.259,27.63,25.772,151938.0,002439
1015,2015-05-11,27.259,29.985,29.985,26.813,173311.0,002439
1016,2015-05-12,31.714,32.983,32.983,30.317,142882.0,002439
1017,2015-05-13,33.206,34.034,36.229,31.67,161215.0,002439
1018,2015-05-14,33.944,33.697,35.486,32.715,119283.0,002439
1019,2015-05-15,33.796,33.206,33.845,31.992,96366.0,002439
1020,2015-05-18,33.702,36.529,36.529,33.702,272428.0,002439
1021,2015-05-19,37.689,40.179,40.179,37.491,304419.0,002439
1022,2015-05-20,42.589,44.195,44.195,41.756,172393.0,002439
1023,2015-05-21,48.569,46.239,48.619,45.128,456472.0,002439
1024,2015-05-22,46.814,43.858,47.111,42.975,420600.0,002439
1025,2015-05-25,41.656,42.251,43.114,40.665,310615.0,002439
1026,2015-05-26,42.261,46.477,46.477,42.251,313551.0,002439
1027,2015-05-27,48.609,50.722,51.118,47.111,339497.0,002439
1028,2015-05-28,50.731,47.706,54.203,47.607,402591.0,002439
1029,2015-05-29,50.146,52.348,52.427,47.806,428099.0,002439
1030,2015-06-01,53.122,54.947,56.682,52.943,415586.0,002439
1031,2015-06-02,54.937,54.143,54.937,52.566,350890.0,002439
1032,2015-06-03,54.153,55.978,57.823,52.566,315822.0,002439
1033,2015-06-04,54.55,53.042,55.095,50.384,309888.0,002439
1034,2015-06-05,53.062,52.021,53.995,51.366,279090.0,002439
1035,2015-06-08,51.495,47.617,51.505,47.111,318927.0,002439
1036,2015-06-09,47.111,48.004,50.583,46.358,207250.0,002439
1037,2015-06-10,48.014,48.788,49.591,46.715,197443.0,002439
1038,2015-06-11,48.788,50.781,51.575,47.766,271363.0,002439
1039,2015-06-12,51.565,55.185,55.72,51.138,399530.0,002439
1040,2015-06-15,55.839,49.839,55.958,49.67,334962.0,002439
1041,2015-06-16,47.607,44.86,47.607,44.86,305025.0,002439
1042,2015-06-17,43.938,46.655,47.607,40.665,295938.0,002439
1043,2015-06-18,45.743,42.083,46.12,41.994,209018.0,002439
1044,2015-06-19,40.665,42.232,44.513,38.185,262368.0,002439
1045,2015-06-23,41.855,41.597,42.648,38.294,185665.0,002439
1046,2015-06-24,42.152,41.656,43.194,40.516,180289.0,002439
1047,2015-06-25,42.648,39.871,43.6,38.334,256069.0,002439
1048,2015-06-26,37.689,35.884,38.463,35.884,158085.0,002439
1049,2015-06-29,35.21,32.294,36.4,32.294,162351.0,002439
1050,2015-06-30,29.259,34.019,34.416,29.06,338164.0,002439
1051,2015-07-01,32.125,30.617,35.289,30.617,326054.0,002439
1052,2015-07-02,30.826,27.553,31.183,27.553,266547.0,002439
1053,2015-07-03,24.795,24.795,27.959,24.795,324239.0,002439
1054,2015-07-14,27.275,27.275,27.275,27.275,4739.0,002439
1055,2015-07-15,30.003,27.582,30.003,26.392,604642.0,002439
1056,2015-07-16,26.283,28.277,29.407,24.825,371490.0,002439
1057,2015-07-17,28.267,31.103,31.103,27.692,381685.0,002439
1058,2015-07-20,31.837,34.218,34.218,31.153,454850.0,002439
1059,2015-07-21,35.11,35.378,37.57,34.406,413242.0,002439
1060,2015-07-22,35.21,35.735,36.856,34.247,374854.0,002439
1061,2015-07-23,35.319,36.499,36.687,34.714,331831.0,002439
1062,2015-07-24,36.648,36.479,40.099,35.705,431851.0,002439
1063,2015-07-27,35.586,32.829,37.193,32.829,352994.0,002439
1064,2015-07-28,29.963,29.546,32.829,29.546,365705.0,002439
1065,2015-07-29,30.3,31.441,31.738,27.275,336509.0,002439
1066,2015-07-30,31.143,29.06,31.48,28.445,252410.0,002439
1067,2015-07-31,28.564,28.068,29.655,26.779,181470.0,002439
1068,2015-08-03,26.779,25.262,27.672,25.262,221860.0,002439
1069,2015-08-04,25.262,27.791,27.791,24.795,354461.0,002439
1070,2015-08-05,28.554,28.118,29.586,27.434,369122.0,002439
1071,2015-08-06,26.958,27.771,28.406,26.779,205026.0,002439
1072,2015-08-07,28.465,30.548,30.548,27.821,428113.0,002439
1073,2015-08-10,30.974,32.869,33.603,30.846,424892.0,002439
1074,2015-08-11,32.413,32.829,34.158,32.234,372243.0,002439
1075,2015-08-12,32.244,30.746,33.176,30.508,254399.0,002439
1076,2015-08-13,30.994,32.075,32.135,29.903,238639.0,002439
1077,2015-08-14,32.432,31.599,32.69,31.054,235766.0,002439
1078,2015-08-17,30.925,31.163,31.441,30.151,223532.0,002439
1079,2015-08-18,31.341,30.409,33.95,28.882,484156.0,002439
1080,2015-08-19,28.773,32.839,33.137,27.374,410457.0,002439
1081,2015-08-20,32.73,32.105,34.357,32.095,453857.0,002439
1082,2015-08-21,31.044,28.961,31.54,28.892,320731.0,002439
1083,2015-08-24,26.184,26.065,27.523,26.065,161140.0,002439
1084,2015-08-25,23.457,23.457,24.3,23.457,182062.0,002439
1085,2015-08-26,23.457,21.116,23.794,21.116,400425.0,002439
1086,2015-08-27,22.118,21.027,22.366,19.013,313603.0,002439
1087,2015-08-28,21.602,23.129,23.129,20.927,351582.0,002439
1088,2015-08-31,22.911,20.818,22.911,20.818,303427.0,002439
1089,2015-09-01,19.826,18.735,20.035,18.735,204072.0,002439
1090,2015-09-02,16.861,16.861,19.549,16.861,364388.0,002439
1091,2015-09-07,17.357,18.002,18.497,17.158,310512.0,002439
1092,2015-09-08,17.456,19.519,19.698,17.357,228083.0,002439
1093,2015-09-09,20.362,21.473,21.473,20.332,231006.0,002439
1094,2015-09-10,21.612,21.522,22.465,21.235,409098.0,002439
1095,2015-09-11,21.304,23.675,23.675,21.136,432469.0,002439
1096,2015-09-14,24.309,22.217,25.252,21.304,548592.0,002439
1097,2015-09-15,21.433,22.514,24.3,21.156,436279.0,002439
1098,2015-09-16,22.693,24.766,24.766,22.643,445526.0,002439
1099,2015-09-17,27.047,24.895,27.067,24.795,592213.0,002439
1100,2015-09-18,25.589,24.577,25.688,22.901,428790.0,002439
1101,2015-09-21,23.952,26.63,26.779,23.605,368713.0,002439
1102,2015-09-22,26.977,26.581,27.652,25.42,389797.0,002439
1103,2015-09-23,25.47,26.73,27.632,24.895,388109.0,002439
1104,2015-09-24,26.829,25.956,27.176,25.619,291342.0,002439
1105,2015-09-25,25.807,23.605,25.886,23.377,241593.0,002439
1106,2015-09-28,23.605,25.966,25.966,23.605,353468.0,002439
1107,2015-09-29,25.758,25.966,26.472,25.172,396622.0,002439
1108,2015-09-30,25.966,25.093,26.283,24.448,215351.0,002439
1109,2015-10-08,26.343,27.077,27.325,25.837,271197.0,002439
1110,2015-10-09,27.563,27.731,28.505,27.077,277681.0,002439
1111,2015-10-12,28.068,29.755,30.508,28.068,340500.0,002439
1112,2015-10-13,29.457,30.201,31.153,29.278,292011.0,002439
1113,2015-10-14,29.903,29.467,30.677,29.259,231502.0,002439
1114,2015-10-23,32.234,31.689,32.234,30.31,405926.0,002439
1115,2015-10-26,32.214,31.699,33.166,30.846,305635.0,002439
1116,2015-10-27,31.143,31.49,31.897,29.556,245636.0,002439
1117,2015-10-28,30.945,30.746,32.73,30.518,247171.0,002439
1118,2015-10-29,31.599,31.351,31.699,29.755,223687.0,002439
1119,2015-10-30,31.351,34.148,34.486,30.746,534480.0,002439
1120,2015-11-02,32.135,31.738,35.21,31.738,416748.0,002439
1121,2015-11-03,32.413,33.712,34.446,32.244,361405.0,002439
1122,2015-11-04,33.583,35.497,35.705,32.68,422417.0,002439
1123,2015-11-05,34.902,34.247,35.487,33.811,325630.0,002439
1124,2015-11-06,34.714,34.614,35.586,34.228,251576.0,002439
1125,2015-11-09,33.92,35.15,35.696,33.226,286577.0,002439
1126,2015-11-10,34.714,34.942,36.38,34.238,248373.0,002439
1127,2015-11-11,34.813,35.696,36.142,34.595,226535.0,002439
1128,2015-11-12,35.715,35.21,36.578,34.565,229561.0,002439
1129,2015-11-13,34.714,33.523,35.061,33.523,196096.0,002439
1130,2015-11-16,32.74,34.813,35.477,32.74,168373.0,002439
1131,2015-11-17,34.525,33.92,35.2,33.623,179427.0,002439
1132,2015-11-18,34.238,33.573,34.962,33.345,175592.0,002439
1133,2015-11-19,33.583,34.307,34.307,33.127,167310.0,002439
1134,2015-11-20,34.456,34.922,35.279,33.722,192833.0,002439
1135,2015-11-23,34.922,33.98,35.279,33.613,168483.0,002439
1136,2015-11-24,33.672,35.249,35.477,33.424,205171.0,002439
1137,2015-11-25,35.249,37.491,38.066,35.12,321545.0,002439
1138,2015-11-26,37.183,36.291,37.679,36.102,223041.0,002439
1139,2015-11-27,36.291,33.117,36.985,32.68,245691.0,002439
1140,2015-11-30,32.928,32.135,33.801,30.141,197400.0,002439
1141,2015-12-01,32.234,31.044,32.532,30.25,184370.0,002439
1142,2015-12-02,31.193,30.816,31.391,29.507,141979.0,002439
1143,2015-12-03,31.094,32.234,32.274,30.915,148486.0,002439
1144,2015-12-04,32.214,31.649,32.7,31.143,133184.0,002439
1145,2015-12-07,31.808,32.135,32.75,31.639,136756.0,002439
1146,2015-12-08,32.036,31.401,32.234,30.925,118092.0,002439
1147,2015-12-09,30.984,31.679,32.135,30.945,171577.0,002439
1148,2015-12-10,31.996,34.614,34.843,31.451,380973.0,002439
1149,2015-12-11,35.408,33.523,35.408,33.028,248249.0,002439
1150,2015-12-14,32.918,33.98,34.218,32.472,165555.0,002439
1151,2015-12-15,34.218,35.11,35.557,33.92,238747.0,002439
1152,2015-12-16,35.279,34.317,35.279,34.099,185991.0,002439
1153,2015-12-17,34.367,34.515,34.714,34.079,238988.0,002439
1154,2015-12-18,34.386,32.938,34.386,32.611,214699.0,002439
1155,2015-12-21,32.7,33.166,33.226,32.046,148804.0,002439
1156,2015-12-22,33.008,33.335,33.642,32.581,140271.0,002439
1157,2015-12-23,33.325,32.502,33.553,32.135,149139.0,002439
1158,2015-12-24,32.512,31.937,32.591,31.203,144766.0,002439
1159,2015-12-25,31.937,31.986,32.492,31.669,88445.0,002439
1160,2015-12-28,32.214,31.976,33.028,31.937,143176.0,002439
1161,2015-12-29,31.976,32.889,32.978,31.956,120695.0,002439
1162,2015-12-30,32.958,32.988,33.722,32.502,177499.0,002439
1163,2015-12-31,32.909,31.738,32.978,31.738,134117.0,002439
1164,2016-01-04,31.589,28.564,32.036,28.564,130056.0,002439
1165,2016-01-05,26.134,26.739,28.128,25.708,188822.0,002439
1166,2016-01-06,27.285,26.968,27.463,26.015,120012.0,002439
1167,2016-01-07,26.283,24.27,26.283,24.27,39520.0,002439
1168,2016-01-08,24.776,23.823,25.192,21.84,176156.0,002439
1169,2016-01-11,23.407,21.731,24.478,21.622,160260.0,002439
1170,2016-01-12,21.761,22.742,23.228,21.741,187440.0,002439
1171,2016-01-13,22.822,22.613,24.379,22.266,179620.0,002439
1172,2016-01-14,21.532,24.875,24.875,21.483,238098.0,002439
1173,2016-01-15,24.786,24.26,25.291,23.685,184874.0,002439
1174,2016-01-18,23.407,25.083,25.49,23.407,144969.0,002439
1175,2016-01-19,24.795,25.886,26.045,24.696,140544.0,002439
1176,2016-01-20,25.886,25.212,26.144,24.696,108895.0,002439
1177,2016-01-21,24.696,23.863,25.589,23.804,107584.0,002439
1178,2016-01-22,24.171,24.002,24.557,23.149,85691.0,002439
1179,2016-01-25,24.498,24.101,24.647,23.814,61167.0,002439
1180,2016-01-26,23.704,22.068,23.794,21.691,111014.0,002439
1181,2016-01-27,22.177,21.215,22.306,20.193,127205.0,002439
1182,2016-01-28,21.056,19.856,21.056,19.737,85685.0,002439
1183,2016-01-29,19.836,21.641,21.84,19.539,165295.0,002439
1184,2016-02-01,21.572,21.076,21.572,20.709,110224.0,002439
1185,2016-02-02,21.136,22.494,22.742,21.136,106270.0,002439
1186,2016-02-03,21.82,22.683,23.01,21.731,96965.0,002439
1187,2016-02-04,22.326,23.129,23.665,22.326,80308.0,002439
1188,2016-02-05,23.149,22.732,23.397,22.564,66362.0,002439
1189,2016-02-15,21.82,22.812,23.099,21.592,58182.0,002439
1190,2016-02-16,22.971,24.419,24.795,22.971,101147.0,002439
1191,2016-02-17,24.28,24.548,24.776,23.695,110327.0,002439
1192,2016-02-18,24.706,24.607,25.539,24.319,141200.0,002439
1193,2016-02-19,24.528,25.46,25.758,24.24,145186.0,002439
1194,2016-02-22,25.559,25.47,25.748,24.934,139648.0,002439
1195,2016-02-23,25.579,24.676,25.579,24.071,155667.0,002439
1196,2016-02-24,24.567,24.389,24.776,23.635,88564.0,002439
1197,2016-02-25,24.399,21.949,24.448,21.949,146222.0,002439
1198,2016-02-26,22.108,21.572,22.395,20.858,92193.0,002439
1199,2016-02-29,20.997,19.42,21.522,19.42,153083.0,002439
1200,2016-03-01,19.43,19.727,20.084,18.448,146214.0,002439
1201,2016-03-02,19.648,20.848,21.314,19.46,136511.0,002439
1202,2016-03-03,20.729,21.83,22.931,20.679,211585.0,002439
1203,2016-03-04,21.522,20.838,21.8,19.955,152190.0,002439
1204,2016-03-07,20.987,21.552,22.316,20.987,107765.0,002439
1205,2016-03-08,21.433,21.949,22.296,20.104,123261.0,002439
1206,2016-03-09,21.225,21.364,22.316,21.007,86668.0,002439
1207,2016-03-10,21.82,21.314,22.018,21.086,94878.0,002439
1208,2016-03-11,20.927,20.808,21.294,20.531,73246.0,002439
1209,2016-03-14,21.255,21.969,22.613,21.255,147924.0,002439
1210,2016-03-15,21.899,21.552,22.118,21.453,88219.0,002439
1211,2016-03-16,22.108,21.403,22.118,21.225,114857.0,002439
1212,2016-03-17,21.572,22.395,22.564,21.403,214175.0,002439
1213,2016-03-18,22.802,23.625,24.29,22.425,266729.0,002439
1214,2016-03-21,24.101,24.24,24.379,23.457,210474.0,002439
1215,2016-03-22,23.814,23.823,24.101,23.615,148247.0,002439
1216,2016-03-23,23.685,24.21,24.736,23.605,174030.0,002439
1217,2016-03-24,23.853,23.466,24.161,23.447,145551.0,002439
1218,2016-06-21,24.924,22.574,25.262,21.81,409202.0,002439
1219,2016-06-22,22.018,22.951,23.06,21.82,212243.0,002439
1220,2016-06-23,22.613,23.119,23.476,22.415,171435.0,002439
1221,2016-06-24,22.971,22.366,23.099,21.443,159390.0,002439
1222,2016-06-27,22.316,23.794,24.25,22.118,254410.0,002439
1223,2016-06-28,23.793,26.175,26.175,23.644,344971.0,002439
1224,2016-06-29,26.701,25.639,26.701,25.252,316603.0,002439
1225,2016-06-30,25.51,25.639,26.552,25.5,280192.0,002439
1226,2016-07-01,25.808,25.639,26.364,25.59,167464.0,002439
1227,2016-07-04,25.262,26.006,26.066,25.103,203618.0,002439
1228,2016-07-05,25.987,25.659,26.165,25.461,170675.0,002439
1229,2016-07-06,25.729,25.669,26.056,25.52,133360.0,002439
1230,2016-07-07,25.669,24.944,25.917,24.617,261916.0,002439
1231,2016-07-08,24.944,25.401,25.768,24.726,201399.0,002439
1232,2016-07-11,25.421,25.123,25.877,25.054,208350.0,002439
1233,2016-07-12,25.063,25.808,26.016,24.389,264810.0,002439
1234,2016-07-13,25.887,25.768,26.106,25.431,202268.0,002439
1235,2016-07-14,25.748,25.907,26.155,25.619,162119.0,002439
1236,2016-07-15,26.155,25.461,26.215,25.391,122798.0,002439
1237,2016-07-18,25.292,24.756,25.421,24.627,146465.0,002439
1238,2016-07-19,24.746,24.954,24.974,24.498,85938.0,002439
1239,2016-07-20,24.984,24.746,25.103,24.676,76680.0,002439
1240,2016-07-21,24.746,24.706,25.113,24.518,99313.0,002439
1241,2016-07-22,24.795,24.448,24.795,24.398,86139.0,002439
1242,2016-07-25,24.418,24.101,24.557,24.061,95394.0,002439
1243,2016-07-26,24.16,24.319,24.468,24.121,77187.0,002439
1244,2016-07-27,24.408,22.244,24.418,22.036,231457.0,002439
1245,2016-07-28,22.264,21.391,22.383,21.103,191669.0,002439
1246,2016-07-29,21.401,21.421,21.778,21.311,92428.0,002439
1247,2016-08-01,21.361,21.51,21.708,20.359,99922.0,002439
1248,2016-08-02,21.54,21.54,22.066,21.411,94716.0,002439
1249,2016-08-03,21.54,21.56,21.738,21.45,55649.0,002439
1250,2016-08-04,21.49,21.748,21.917,21.44,67520.0,002439
1251,2016-08-05,21.798,21.52,22.016,21.52,66873.0,002439
1252,2016-08-08,21.421,21.877,21.907,21.341,71537.0,002439
1253,2016-08-09,21.937,22.135,22.274,21.837,68440.0,002439
1254,2016-08-10,22.145,22.155,22.225,21.967,75559.0,002439
1255,2016-08-11,22.165,21.52,22.165,21.5,88241.0,002439
1256,2016-08-12,21.47,22.135,22.135,21.47,91910.0,002439
1257,2016-08-15,22.235,22.929,23.187,22.235,137456.0,002439
1258,2016-08-16,22.88,22.929,23.108,22.651,92775.0,002439
1259,2016-08-17,22.9,22.8,23.058,22.681,62513.0,002439
1260,2016-08-18,22.929,22.721,23.009,22.592,64023.0,002439
1261,2016-08-19,22.642,22.503,22.721,22.423,51989.0,002439
1262,2016-08-22,22.721,22.512,23.277,22.493,83709.0,002439
1263,2016-08-23,22.344,22.046,22.691,21.649,90288.0,002439
1264,2016-08-24,22.056,22.175,22.393,21.877,54381.0,002439
1265,2016-08-25,22.046,21.718,22.046,21.56,74238.0,002439
1266,2016-08-26,21.828,21.847,22.364,21.798,82454.0,002439
1267,2016-08-29,21.837,21.669,22.076,21.54,59919.0,002439
1268,2016-08-30,21.669,21.699,21.857,21.619,49867.0,002439
1269,2016-08-31,21.738,21.748,21.818,21.54,48514.0,002439
1270,2016-09-01,21.778,21.599,21.847,21.579,54135.0,002439
1271,2016-09-02,21.589,21.301,21.659,21.242,52292.0,002439
1272,2016-09-05,21.311,21.242,21.53,21.163,39883.0,002439
1273,2016-09-06,21.321,21.818,21.897,20.994,79770.0,002439
1274,2016-09-07,21.837,21.788,21.937,21.689,73339.0,002439
1275,2016-09-08,21.917,21.867,22.125,21.778,70671.0,002439
1276,2016-09-09,21.867,21.47,21.947,21.47,56861.0,002439
1277,2016-09-12,21.093,20.517,21.103,20.448,104351.0,002439
1278,2016-09-13,20.636,20.289,20.756,20.2,86220.0,002439
1279,2016-09-14,20.249,20.239,20.716,20.081,76608.0,002439
1280,2016-09-19,20.249,20.259,20.617,20.249,67645.0,002439
1281,2016-09-20,20.438,20.885,20.924,20.398,115410.0,002439
1282,2016-09-21,20.795,21.014,21.431,20.795,75042.0,002439
1283,2016-09-22,21.153,20.775,21.262,20.746,85275.0,002439
1284,2016-09-23,20.756,20.885,20.954,20.706,58260.0,002439
1285,2016-09-26,20.895,20.488,21.043,20.428,51290.0,002439
1286,2016-09-27,20.428,20.656,20.736,20.329,39972.0,002439
1287,2016-09-28,20.825,20.507,20.825,20.468,44911.0,002439
1288,2016-09-29,20.478,20.478,20.646,20.448,30074.0,002439
1289,2016-09-30,20.507,20.349,20.597,20.279,41639.0,002439
1290,2016-10-10,20.716,22.383,22.383,20.716,219727.0,002439
1291,2016-10-11,23.396,23.148,23.396,22.334,531726.0,002439
1292,2016-10-12,22.929,23.138,23.912,22.83,351611.0,002439
1293,2016-10-13,22.929,23.326,23.575,22.929,267363.0,002439
1294,2016-10-14,23.128,22.979,23.207,22.622,190859.0,002439
1295,2016-10-17,23.118,22.989,23.316,22.761,179682.0,002439
1296,2016-10-18,22.88,23.336,23.475,22.582,215855.0,002439
1297,2016-10-19,23.495,23.594,23.684,23.118,202199.0,002439
1298,2016-10-27,24.011,22.979,24.319,22.83,222697.0,002439
1299,2016-10-28,22.78,22.542,23.406,22.522,121278.0,002439
1300,2016-10-31,22.532,23.148,23.178,22.155,121178.0,002439
1301,2016-11-01,23.178,23.108,23.217,22.919,83320.0,002439
1302,2016-11-02,23.128,22.602,23.277,22.542,88046.0,002439
1303,2016-11-03,22.532,22.731,23.168,22.532,98154.0,002439
1304,2016-11-04,22.691,23.128,23.178,22.691,97526.0,002439
1305,2016-11-07,23.187,23.267,23.594,23.138,122844.0,002439
1306,2016-11-08,23.584,23.277,23.783,23.148,122519.0,002439
1307,2016-11-09,23.287,22.989,23.525,22.572,128183.0,002439
1308,2016-11-10,23.227,23.465,23.674,23.048,126284.0,002439
1309,2016-11-11,23.346,23.247,23.416,23.058,105923.0,002439
1310,2016-11-14,23.426,24.24,24.795,23.376,244128.0,002439
1311,2016-11-15,24.259,24.21,24.269,23.843,116511.0,002439
1312,2016-11-16,24.22,24.061,25.014,24.001,235537.0,002439
1313,2016-11-17,23.852,23.336,23.922,23.277,140703.0,002439
1314,2016-11-18,23.267,22.919,23.436,22.83,85559.0,002439
1315,2016-11-21,22.88,23.048,23.207,22.83,63899.0,002439
1316,2016-11-22,23.048,23.277,23.297,22.79,78070.0,002439
1317,2016-11-23,23.376,22.979,23.455,22.929,72951.0,002439
1318,2016-11-24,22.88,22.651,22.979,22.632,62695.0,002439
1319,2016-11-25,22.691,22.979,22.989,22.185,75011.0,002439
1320,2016-11-28,23.068,22.602,23.108,22.592,78539.0,002439
1321,2016-11-29,22.592,22.364,22.78,22.334,62883.0,002439
1322,2016-11-30,22.334,22.701,23.148,22.294,92554.0,002439
1323,2016-12-01,22.701,22.711,22.81,22.503,37097.0,002439
1324,2016-12-02,22.741,22.334,22.81,22.235,61797.0,002439
1325,2016-12-05,22.135,22.155,22.532,21.937,40050.0,002439
1326,2016-12-06,22.235,22.046,22.503,22.026,36440.0,002439
1327,2016-12-07,22.086,22.155,22.274,21.718,40071.0,002439
1328,2016-12-08,22.225,21.778,22.235,21.758,48441.0,002439
1329,2016-12-09,21.738,21.232,21.808,21.192,78761.0,002439
1330,2016-12-12,21.192,20.14,21.192,20.021,114219.0,002439
1331,2016-12-13,20.09,20.16,20.349,19.922,47680.0,002439
1332,2016-12-14,20.16,20.11,20.289,19.733,67901.0,002439
1333,2016-12-15,19.971,20.706,20.795,19.872,76409.0,002439
1334,2016-12-16,20.547,20.726,20.944,20.478,54702.0,002439
1335,2016-12-19,20.547,20.597,20.825,20.537,25706.0,002439
1336,2016-12-20,20.557,20.329,20.696,20.2,40710.0,002439
1337,2016-12-21,20.448,20.527,20.597,20.408,23258.0,002439
1338,2016-12-22,20.537,20.904,20.934,20.359,47319.0,002439
1339,2016-12-23,20.775,20.815,20.904,20.468,42051.0,002439
1340,2016-12-26,20.845,21.073,21.192,20.507,45249.0,002439
1341,2016-12-27,21.004,21.272,21.401,20.944,49822.0,002439
1342,2016-12-28,21.411,21.043,21.53,21.024,33525.0,002439
1343,2016-12-29,20.994,20.765,21.292,20.706,40262.0,002439
1344,2016-12-30,20.775,20.636,20.934,20.468,28444.0,002439
1345,2017-01-03,20.617,20.676,20.914,20.587,26016.0,002439
1346,2017-01-04,20.646,21.143,21.192,20.577,59236.0,002439
1347,2017-01-05,21.113,20.924,21.182,20.865,34018.0,002439
1348,2017-01-06,21.043,20.438,21.043,20.378,40398.0,002439
1349,2017-01-09,20.398,20.378,20.438,20.081,46222.0,002439
1350,2017-01-10,20.349,20.339,20.517,20.18,26937.0,002439
1351,2017-01-11,20.259,20.229,20.378,20.2,36016.0,002439
1352,2017-01-12,20.249,20.15,20.398,19.981,38492.0,002439
1353,2017-01-13,20.1,19.872,20.12,19.803,37526.0,002439
1354,2017-01-16,19.852,19.148,20.011,18.214,57545.0,002439
1355,2017-01-17,19.157,20.1,20.349,18.989,83484.0,002439
1356,2017-01-18,20.081,19.892,20.259,19.813,28391.0,002439
1357,2017-01-19,19.862,19.822,20.13,19.475,28024.0,002439
1358,2017-01-20,19.822,20.349,20.597,19.753,65827.0,002439
1359,2017-01-23,20.339,20.269,20.825,20.249,52688.0,002439
1360,2017-01-24,20.15,20.15,20.329,20.061,25817.0,002439
1361,2017-01-25,20.1,20.249,20.845,20.1,64181.0,002439
1362,2017-01-26,20.359,20.368,20.438,20.21,25968.0,002439
1363,2017-02-03,20.368,20.18,20.398,20.15,24018.0,002439
1364,2017-02-06,20.19,20.795,20.825,20.19,67162.0,002439
1365,2017-02-07,20.746,20.785,20.895,20.537,53258.0,002439
1366,2017-02-08,20.696,20.974,21.093,20.567,53702.0,002439
1367,2017-02-09,20.964,21.033,21.232,20.865,53935.0,002439
1368,2017-02-10,20.954,20.706,21.024,20.656,48984.0,002439
1369,2017-02-13,20.656,20.825,20.944,20.607,32519.0,002439
1370,2017-02-14,20.815,20.537,20.835,20.408,45826.0,002439
1371,2017-02-15,20.537,20.329,20.656,20.249,50306.0,002439
1372,2017-02-16,20.329,20.398,20.577,20.249,29416.0,002439
1373,2017-02-17,20.378,20.775,21.033,20.359,94844.0,002439
1374,2017-02-20,20.646,21.182,21.292,20.577,103399.0,002439
1375,2017-02-21,21.182,21.232,21.52,20.974,93874.0,002439
1376,2017-02-22,21.143,21.073,21.401,21.043,53856.0,002439
1377,2017-02-23,21.133,21.143,21.282,20.984,46547.0,002439
1378,2017-02-24,21.182,21.341,21.381,20.964,54930.0,002439
1379,2017-02-27,21.341,21.341,21.708,21.242,63392.0,002439
1380,2017-02-28,21.45,21.381,21.54,21.063,43346.0,002439
1381,2017-03-01,21.401,21.143,21.44,21.083,48038.0,002439
1382,2017-03-02,21.143,21.232,21.282,20.944,46894.0,002439
1383,2017-03-03,21.222,21.808,21.828,21.043,111612.0,002439
1384,2017-03-06,21.728,22.105,22.235,21.599,117851.0,002439
1385,2017-03-07,22.235,22.076,22.264,21.976,78574.0,002439
1386,2017-03-08,22.195,21.917,22.374,21.847,71288.0,002439
1387,2017-03-09,21.847,22.016,22.105,21.669,60213.0,002439
1388,2017-03-10,21.937,21.56,21.996,21.56,59623.0,002439
1389,2017-03-13,21.48,21.808,21.818,21.331,63319.0,002439
1390,2017-03-14,21.897,21.639,22.105,21.55,52465.0,002439
1391,2017-03-15,21.599,21.947,22.096,21.44,62367.0,002439
1392,2017-03-16,22.066,21.976,22.115,21.798,75301.0,002439
1393,2017-03-17,21.937,21.45,22.115,21.351,87307.0,002439
1394,2017-03-20,21.44,21.024,21.52,20.815,104449.0,002439
1395,2017-03-21,20.895,20.964,21.123,20.815,68096.0,002439
1396,2017-03-22,20.845,20.418,20.934,20.398,86064.0,002439
1397,2017-03-23,20.478,20.577,20.646,20.319,65986.0,002439
1398,2017-03-24,20.488,20.587,20.696,20.488,54568.0,002439
1399,2017-03-27,20.676,20.676,20.944,20.557,53321.0,002439
1400,2017-03-28,20.617,20.408,20.785,20.398,43441.0,002439
1401,2017-03-29,20.468,20.15,20.527,20.14,47372.0,002439
1402,2017-03-30,20.061,19.554,20.22,19.455,101639.0,002439
1403,2017-03-31,19.554,19.674,19.793,19.366,52555.0,002439
1404,2017-04-05,19.674,20.041,20.11,19.674,53484.0,002439
1405,2017-04-06,20.051,20.051,20.19,19.952,49131.0,002439
1406,2017-04-07,20.021,19.991,20.12,19.803,46016.0,002439
1407,2017-04-10,19.892,19.277,19.892,19.138,96936.0,002439
1408,2017-04-11,19.247,19.396,19.505,18.86,101488.0,002439
1409,2017-04-12,19.406,19.048,19.445,19.038,63020.0,002439
1410,2017-04-13,19.028,19.177,19.356,18.949,47372.0,002439
1411,2017-04-14,19.157,19.277,19.336,18.939,47248.0,002439
1412,2017-04-17,19.237,19.157,19.376,19.009,47503.0,002439
1413,2017-04-18,19.207,18.651,19.306,18.651,62302.0,002439
1414,2017-04-19,18.651,18.582,18.77,18.353,54830.0,002439
1415,2017-04-20,18.721,19.018,19.157,18.463,92186.0,002439
1416,2017-04-21,19.018,18.909,19.296,18.86,42264.0,002439
1417,2017-04-24,18.909,19.018,19.207,18.572,77143.0,002439
1418,2017-04-25,18.949,18.969,19.376,18.87,71837.0,002439
1419,2017-04-26,19.048,18.741,19.058,18.661,53451.0,002439
1420,2017-04-27,18.701,18.88,19.088,18.383,78118.0,002439
1421,2017-05-02,17.867,16.994,18.264,16.994,246123.0,002439
1422,2017-05-03,16.874,17.033,17.291,16.865,156410.0,002439
1423,2017-05-04,17.023,16.755,17.321,16.626,103261.0,002439
1424,2017-05-05,16.825,16.726,16.865,16.597,67279.0,002439
1425,2017-05-08,16.735,16.805,17.083,16.636,79391.0,002439
1426,2017-05-09,16.686,16.884,17.063,16.676,45920.0,002439
1427,2017-05-10,16.984,16.914,17.232,16.884,59776.0,002439
1428,2017-05-11,16.874,17.351,17.371,16.785,77873.0,002439
1429,2017-05-12,17.262,17.252,17.43,17.043,54470.0,002439
1430,2017-05-15,18.979,18.979,18.979,18.979,64615.0,002439
1431,2017-05-16,19.227,19.028,19.227,18.244,253406.0,002439
1432,2017-05-17,18.641,18.8,19.038,18.492,140923.0,002439
1433,2017-05-18,18.453,18.334,19.108,18.274,103817.0,002439
1434,2017-05-19,18.274,17.817,18.443,17.569,109583.0,002439
1435,2017-05-22,17.718,17.41,18.056,17.222,65998.0,002439
1436,2017-05-23,17.47,16.765,17.698,16.597,84833.0,002439
1437,2017-05-24,16.765,16.874,17.123,16.676,55322.0,002439
1438,2017-05-25,16.924,16.984,17.083,16.577,66508.0,002439
1439,2017-05-26,17.043,17.758,18.056,17.043,145773.0,002439
1440,2017-05-31,17.867,18.026,18.314,17.609,87153.0,002439
1441,2017-06-01,17.966,17.629,17.966,17.47,63331.0,002439
1442,2017-06-02,17.619,17.897,18.056,17.45,54051.0,002439
1443,2017-06-05,18.115,17.937,18.562,17.927,83071.0,002439
1444,2017-06-06,17.877,18.155,18.284,17.877,61377.0,002439
1445,2017-06-07,18.075,18.602,18.631,18.075,102680.0,002439
1446,2017-06-08,18.611,18.471,18.81,18.312,57741.0,002439
1447,2017-06-09,18.511,19.07,19.729,18.282,98296.0,002439
1448,2017-06-12,19.938,18.87,20.856,18.661,239913.0,002439
1449,2017-06-13,18.771,18.721,18.97,18.182,120028.0,002439
1450,2017-06-14,18.611,18.771,19.03,18.611,76579.0,002439
1451,2017-06-15,18.751,19.309,19.409,18.661,94965.0,002439
1452,2017-06-16,19.299,19.329,19.818,19.23,87970.0,002439
1453,2017-06-19,19.09,18.95,19.09,18.81,106413.0,002439
1454,2017-06-20,18.95,19.16,19.549,18.95,74828.0,002439
1455,2017-06-21,19.289,19.409,19.659,19.16,65724.0,002439
1456,2017-06-22,19.419,18.87,19.449,18.781,54696.0,002439
1457,2017-06-23,18.86,18.89,18.89,18.262,65514.0,002439
1458,2017-06-26,18.761,18.761,18.81,18.521,75027.0,002439
1459,2017-06-27,18.751,18.681,18.84,18.561,33708.0,002439
1460,2017-06-28,18.92,18.591,19.11,18.461,70054.0,002439
1461,2017-06-29,18.711,18.641,18.81,18.461,60232.0,002439
1462,2017-06-30,18.641,18.561,18.651,18.401,40911.0,002439
1463,2017-07-03,18.581,19.14,19.25,18.501,89450.0,002439
1464,2017-07-04,19.05,19.599,19.649,18.96,126620.0,002439
1465,2017-07-05,19.599,20.118,20.118,19.399,171876.0,002439
1466,2017-07-06,19.788,19.758,20.008,19.359,168541.0,002439
1467,2017-07-07,19.509,19.559,19.768,19.349,92830.0,002439
1468,2017-07-10,19.489,19.349,19.549,19.279,42629.0,002439
1469,2017-07-11,19.309,18.651,19.499,18.561,75906.0,002439
1470,2017-07-12,18.611,18.192,18.84,17.982,85691.0,002439
1471,2017-07-13,18.232,18.092,18.292,18.002,46316.0,002439
1472,2017-07-14,18.072,18.202,18.351,18.012,41583.0,002439
1473,2017-07-17,18.092,17.014,18.192,16.964,75538.0,002439
1474,2017-07-18,17.044,17.523,17.613,17.034,51740.0,002439
1475,2017-07-19,17.463,17.763,17.813,17.354,36677.0,002439
1476,2017-07-20,17.813,17.653,17.932,17.553,27039.0,002439
1477,2017-07-21,17.653,17.852,17.922,17.653,31451.0,002439
1478,2017-07-24,17.703,17.663,17.843,17.543,27023.0,002439
1479,2017-07-25,17.543,17.423,17.713,17.393,36536.0,002439
1480,2017-07-26,17.423,17.773,17.843,17.423,33775.0,002439
1481,2017-07-27,17.773,19.339,19.439,17.773,177215.0,002439
1482,2017-07-28,19.339,19.339,19.519,18.87,109981.0,002439
1483,2017-07-31,19.14,19.309,19.449,19.02,49017.0,002439
1484,2017-08-01,19.22,19.14,19.279,19.0,40074.0,002439
1485,2017-08-02,19.14,18.781,19.22,18.761,49191.0,002439
1486,2017-08-03,18.84,19.04,19.958,18.82,150272.0,002439
1487,2017-08-04,19.2,19.16,19.709,19.16,104571.0,002439
1488,2017-08-07,19.26,19.758,19.978,19.26,108178.0,002439
1489,2017-08-08,19.758,20.078,20.257,19.359,140308.0,002439
1490,2017-08-09,19.858,19.589,19.948,19.539,89761.0,002439
1491,2017-08-10,19.559,19.359,19.858,19.26,75314.0,002439
1492,2017-08-11,19.24,19.429,19.748,19.09,85893.0,002439
1493,2017-08-14,19.489,20.677,21.136,19.489,188333.0,002439
1494,2017-08-15,20.657,21.096,21.455,20.477,200183.0,002439
1495,2017-08-16,21.205,21.255,21.455,20.677,131983.0,002439
1496,2017-08-17,20.956,22.104,22.293,20.886,232559.0,002439
1497,2017-08-18,21.954,21.535,22.273,21.505,122207.0,002439
1498,2017-08-21,21.645,21.305,21.645,20.956,134615.0,002439
1499,2017-08-22,21.185,21.335,21.645,21.016,96312.0,002439
1500,2017-08-23,21.255,21.185,21.684,21.076,89810.0,002439
1501,2017-08-24,21.006,20.457,21.275,20.357,118397.0,002439
1502,2017-08-25,20.647,20.956,21.106,20.647,92281.0,002439
1503,2017-08-28,21.036,21.036,21.744,20.956,132998.0,002439
1504,2017-08-29,21.046,20.846,21.585,20.756,100080.0,002439
1505,2017-08-30,20.906,20.657,21.285,20.557,99569.0,002439
1506,2017-08-31,20.746,21.575,21.585,20.706,137969.0,002439
1507,2017-09-01,21.585,22.034,22.213,21.255,200232.0,002439
1508,2017-09-04,22.004,22.074,22.802,21.774,188221.0,002439
1509,2017-09-05,22.104,22.203,22.473,21.884,114334.0,002439
1510,2017-09-06,22.133,22.702,22.902,22.034,140023.0,002439
1511,2017-09-07,22.712,21.804,23.042,21.714,171249.0,002439
1512,2017-09-08,21.764,21.984,22.034,21.664,77515.0,002439
1513,2017-09-11,21.994,21.854,22.084,21.645,80506.0,002439
1514,2017-09-12,21.794,22.263,22.453,21.595,107322.0,002439
1515,2017-09-13,22.333,22.203,23.052,22.034,124781.0,002439
1516,2017-09-14,21.974,21.914,22.323,21.804,78149.0,002439
1517,2017-09-15,21.954,21.664,21.994,21.415,79119.0,002439
1518,2017-09-18,21.664,21.984,22.114,21.305,99494.0,002439
1519,2017-09-19,22.034,21.654,22.034,21.565,41237.0,002439
1520,2017-09-20,21.645,21.305,21.645,21.126,83399.0,002439
1521,2017-09-21,21.175,20.896,21.555,20.876,52948.0,002439
1522,2017-09-22,20.956,21.086,21.175,20.577,56997.0,002439
1523,2017-09-25,21.006,21.106,21.625,20.696,92854.0,002439
1524,2017-09-26,20.956,21.086,21.315,20.956,50093.0,002439
1525,2017-09-27,21.086,21.455,21.754,21.086,60568.0,002439
1526,2017-09-28,21.455,21.984,22.173,21.375,107222.0,002439
1527,2017-09-29,22.004,22.094,22.253,21.774,72022.0,002439
1528,2017-10-09,22.353,22.153,22.692,21.654,114258.0,002439
1529,2017-10-10,22.153,22.133,22.403,21.654,95521.0,002439
1530,2017-10-11,21.954,22.712,23.171,21.734,177802.0,002439
1531,2017-10-12,22.543,22.882,23.012,22.333,125852.0,002439
1532,2017-10-13,22.952,22.273,23.161,22.104,96657.0,002439
1533,2017-10-16,22.163,21.505,22.473,21.355,74143.0,002439
1534,2017-10-17,21.455,21.295,21.694,21.255,35059.0,002439
1535,2017-10-18,21.295,21.106,21.615,21.016,37231.0,002439
1536,2017-10-19,21.255,21.036,21.445,20.617,56253.0,002439
1537,2017-10-20,21.036,21.175,21.275,20.786,31610.0,002439
1538,2017-10-23,21.166,21.485,21.635,21.056,40416.0,002439
1539,2017-10-24,21.585,21.365,21.585,20.966,31424.0,002439
1540,2017-10-25,21.844,22.473,22.553,21.674,143294.0,002439
1541,2017-10-26,22.503,22.403,22.662,22.074,94373.0,002439
1542,2017-10-27,22.333,22.712,22.902,22.183,132045.0,002439
1543,2017-10-30,22.622,22.932,23.271,21.954,174066.0,002439
1544,2017-10-31,22.762,23.89,23.95,22.672,232200.0,002439
1545,2017-11-01,23.97,23.96,24.139,23.61,142176.0,002439
1546,2017-11-02,23.97,23.121,24.279,23.052,171456.0,002439
1547,2017-11-03,23.6,23.221,24.039,22.792,143305.0,002439
1548,2017-11-06,23.181,24.648,24.738,22.662,182893.0,002439
1549,2017-11-07,24.748,24.608,25.806,24.159,273450.0,002439
1550,2017-11-08,24.748,25.476,25.606,24.279,253940.0,002439
1551,2017-11-09,24.948,25.776,26.714,24.778,299374.0,002439
1552,2017-11-10,25.446,25.247,26.225,25.237,206818.0,002439
1553,2017-11-13,25.446,26.335,26.414,24.758,208462.0,002439
1554,2017-11-14,26.245,25.935,26.594,25.776,143301.0,002439
1555,2017-11-15,25.646,24.439,25.746,24.179,190013.0,002439
1556,2017-11-16,24.449,24.628,24.918,24.279,97049.0,002439
1557,2017-11-17,24.698,23.8,25.127,23.351,118921.0,002439
1558,2017-11-20,23.96,24.848,24.928,22.972,151084.0,002439
1559,2017-11-21,24.618,24.868,25.097,24.339,105134.0,002439
1560,2017-11-22,24.868,24.668,25.696,24.449,148947.0,002439
1561,2017-11-23,24.548,23.74,24.548,23.7,123251.0,002439
1562,2017-11-24,23.62,23.301,23.8,23.181,78955.0,002439
1563,2017-11-27,23.211,22.842,23.75,22.842,84356.0,002439
1564,2017-11-28,22.922,23.84,23.92,22.902,126528.0,002439
1565,2017-11-29,23.85,24.309,24.389,23.65,112151.0,002439
1566,2017-11-30,24.089,23.371,24.329,23.181,100686.0,002439
1567,2017-12-01,23.211,24.309,24.399,23.211,109289.0,002439
1568,2017-12-04,24.309,24.329,25.037,24.109,153731.0,002439
1569,2017-12-05,24.089,23.241,24.239,23.022,133976.0,002439
1570,2017-12-06,23.211,22.553,23.421,21.674,197820.0,002439
1571,2017-12-07,22.253,22.353,22.772,22.163,65411.0,002439
1572,2017-12-08,22.253,22.922,23.171,22.253,91009.0,002439
1573,2017-12-11,23.55,23.86,24.548,23.55,162512.0,002439
1574,2017-12-12,24.449,23.96,24.548,23.89,101145.0,002439
1575,2017-12-13,24.329,24.109,24.528,23.77,91904.0,002439
1576,2017-12-14,24.079,25.207,25.237,23.98,207102.0,002439
1577,2017-12-15,25.047,24.987,25.217,24.508,142835.0,002439
1578,2017-12-18,24.958,24.738,25.147,24.339,80521.0,002439
1579,2017-12-19,24.449,24.848,24.908,24.339,78415.0,002439
1580,2017-12-20,24.748,23.95,24.758,23.71,107157.0,002439
1581,2017-12-21,23.95,24.279,24.479,23.58,84269.0,002439
1582,2017-12-22,24.229,24.099,24.778,24.049,78137.0,002439
1583,2017-12-25,24.429,24.149,24.878,23.65,107498.0,002439
1584,2017-12-26,23.99,24.159,24.309,23.511,73468.0,002439
1585,2017-12-27,24.249,23.58,24.249,23.56,59177.0,002439
1586,2017-12-28,23.511,23.221,23.71,22.872,94689.0,002439
1587,2017-12-29,23.062,23.301,23.481,22.882,64737.0,002439
1588,2018-01-02,23.351,23.071,23.431,22.852,61353.0,002439
1589,2018-01-03,23.131,23.391,23.62,22.902,107057.0,002439
1590,2018-01-04,23.401,23.141,23.78,23.022,99007.0,002439
1591,2018-01-05,23.101,22.173,23.251,22.133,206790.0,002439
1592,2018-01-08,22.253,22.303,22.343,21.625,123370.0,002439
1593,2018-01-09,22.403,22.114,22.403,22.014,58566.0,002439
1594,2018-01-10,21.964,22.503,22.602,21.654,100814.0,002439
1595,2018-01-11,22.263,22.882,23.281,22.173,126766.0,002439
1596,2018-01-12,22.952,22.463,23.081,22.383,65659.0,002439
1597,2018-01-15,22.752,21.205,22.752,21.056,109265.0,002439
1598,2018-01-16,21.126,19.818,21.355,19.11,254680.0,002439
1599,2018-01-17,19.818,20.497,20.726,19.529,161085.0,002439
1600,2018-01-18,20.357,20.028,20.557,19.958,72348.0,002439
1601,2018-01-19,20.128,20.856,21.235,20.058,135438.0,002439
1602,2018-01-22,20.966,21.405,22.253,20.966,162565.0,002439
1603,2018-01-23,21.156,21.285,21.425,20.966,103236.0,002439
1604,2018-01-24,21.156,21.794,21.854,21.026,115327.0,002439
1605,2018-01-25,21.854,21.794,22.553,21.704,140230.0,002439
1606,2018-01-26,21.575,21.744,22.173,21.555,75690.0,002439
1607,2018-01-29,21.804,20.397,21.884,20.267,173444.0,002439
1608,2018-01-30,20.457,20.916,21.156,20.437,88364.0,002439
1609,2018-01-31,20.946,21.405,21.774,20.257,134326.0,002439
1610,2018-02-01,21.425,21.046,21.684,19.948,154300.0,002439
1611,2018-02-02,20.856,20.557,21.365,20.287,102562.0,002439
1612,2018-02-05,20.098,20.557,20.836,19.958,78894.0,002439
1613,2018-02-06,20.108,19.509,20.587,19.23,105449.0,002439
1614,2018-02-07,19.838,19.988,20.507,19.13,120177.0,002439
1615,2018-02-08,20.088,20.357,20.687,19.858,87649.0,002439
1616,2018-02-09,19.659,19.888,20.587,19.459,127066.0,002439
1617,2018-02-12,20.148,21.116,21.335,20.058,131968.0,002439
1618,2018-02-13,21.395,21.365,22.153,21.156,155446.0,002439
1619,2018-02-14,21.375,21.405,21.694,21.076,52285.0,002439
1620,2018-02-22,21.674,22.024,22.044,21.465,92269.0,002439
1621,2018-02-23,22.004,21.654,22.243,21.435,79227.0,002439
1622,2018-02-26,21.864,22.273,22.393,21.625,129479.0,002439
1623,2018-02-27,22.323,22.872,23.221,22.183,162662.0,002439
1624,2018-02-28,22.782,23.241,23.61,22.503,156477.0,002439
1625,2018-03-01,23.101,24.349,24.948,22.962,218800.0,002439
1626,2018-03-02,24.299,23.75,25.047,23.72,175782.0,002439
1627,2018-03-05,23.93,24.199,24.498,23.62,154577.0,002439
1628,2018-03-06,24.249,23.99,24.918,23.75,192254.0,002439
1629,2018-03-07,23.81,23.67,24.229,23.431,139179.0,002439
1630,2018-03-08,23.69,23.86,24.149,23.461,117673.0,002439
1631,2018-03-09,23.88,24.808,25.297,23.66,245629.0,002439
1632,2018-03-12,25.107,25.766,25.886,24.948,243084.0,002439
1633,2018-03-13,25.546,25.227,25.816,25.117,130537.0,002439
1634,2018-03-14,25.057,24.269,25.237,24.059,158181.0,002439
1635,2018-03-15,24.029,24.169,24.239,23.57,164025.0,002439
1636,2018-03-16,24.199,23.8,24.359,23.8,106813.0,002439
1637,2018-03-19,23.94,24.059,24.718,23.86,137939.0,002439
1638,2018-03-20,23.75,24.069,24.249,23.311,111614.0,002439
1639,2018-03-21,24.349,23.85,24.648,23.82,125791.0,002439
1640,2018-03-22,23.77,24.179,24.498,23.451,118573.0,002439
1641,2018-03-23,23.271,22.902,24.219,22.642,173153.0,002439
1642,2018-03-26,22.752,24.678,24.848,22.553,188881.0,002439
1643,2018-03-27,24.868,25.636,25.716,24.868,277722.0,002439
1644,2018-03-28,25.107,25.037,25.536,24.858,226285.0,002439
1645,2018-03-29,25.027,25.277,26.285,24.938,238247.0,002439
1646,2018-03-30,25.516,27.303,27.632,25.327,396781.0,002439
1647,2018-04-02,27.343,27.572,28.67,27.043,412518.0,002439
1648,2018-04-03,27.143,27.432,27.472,26.534,240054.0,002439
1649,2018-04-04,27.512,26.305,27.742,26.105,221658.0,002439
1650,2018-04-09,26.454,26.694,27.343,25.935,243906.0,002439
1651,2018-04-10,26.584,26.355,26.724,25.566,240283.0,002439
1652,2018-04-11,26.474,26.504,27.193,26.365,172961.0,002439
1653,2018-04-12,26.355,26.145,26.923,26.125,133790.0,002439
1654,2018-04-13,26.315,26.684,27.243,26.305,181398.0,002439
1655,2018-04-16,26.794,27.622,28.031,26.794,306359.0,002439
1656,2018-04-17,27.831,26.215,28.41,25.945,307573.0,002439
1657,2018-04-18,26.335,28.6,28.789,25.656,367156.0,002439
1658,2018-04-19,28.53,29.029,30.077,28.39,447522.0,002439
1659,2018-04-20,28.49,28.51,29.209,27.941,292769.0,002439
1660,2018-04-23,28.939,26.325,28.939,25.716,392201.0,002439
1661,2018-04-24,26.245,26.973,27.063,25.646,222071.0,002439
1662,2018-04-25,26.524,26.434,27.542,26.285,224385.0,002439
1663,2018-04-26,26.325,26.664,27.043,25.456,199655.0,002439
1664,2018-04-27,26.664,26.245,26.883,25.776,165416.0,002439
1665,2018-05-02,25.945,24.838,26.315,24.329,281300.0,002439
1666,2018-05-03,23.75,24.349,24.748,22.353,468669.0,002439
1667,2018-05-04,23.62,24.299,24.628,23.541,217796.0,002439
1668,2018-05-07,24.419,24.968,25.087,24.049,149576.0,002439
1669,2018-05-08,25.007,24.838,25.027,24.449,144104.0,002439
1670,2018-05-09,24.848,24.588,24.848,24.369,88153.0,002439
1671,2018-05-10,24.628,24.249,24.848,23.86,105981.0,002439
1672,2018-05-11,24.369,23.491,24.498,23.491,106388.0,002439
1673,2018-05-14,23.471,23.93,24.369,23.471,127547.0,002439
1674,2018-05-15,24.029,24.059,24.099,23.022,150275.0,002439
1675,2018-05-16,23.96,23.76,24.389,23.6,126119.0,002439
1676,2018-05-17,23.63,23.321,23.98,23.101,89878.0,002439
1677,2018-05-18,23.35,23.53,23.57,22.99,90087.0,002439
1678,2018-05-21,23.76,24.39,24.55,23.76,177397.0,002439
1679,2018-05-22,24.35,24.73,24.87,23.98,151708.0,002439
1680,2018-05-23,24.52,24.63,25.08,24.43,151519.0,002439
1681,2018-05-24,24.62,25.04,25.23,24.62,123861.0,002439
1682,2018-05-25,24.91,24.26,24.99,24.22,93330.0,002439
1683,2018-05-28,24.32,23.44,24.39,23.34,99987.0,002439
1684,2018-05-29,23.57,23.74,24.16,23.48,88725.0,002439
1685,2018-05-30,23.18,23.6,24.28,23.02,128764.0,002439
1686,2018-05-31,23.91,24.08,24.18,23.55,86244.0,002439
1687,2018-06-01,24.0,24.37,24.68,23.91,145024.0,002439
1688,2018-06-04,24.6,23.2,24.66,22.78,163127.0,002439
1689,2018-06-05,23.3,24.01,24.05,23.26,114313.0,002439
1690,2018-06-06,24.15,23.63,24.39,23.48,114137.0,002439
1691,2018-06-07,23.73,23.68,24.13,23.51,70634.0,002439
1692,2018-06-08,23.6,23.8,23.87,23.1,89057.0,002439
1693,2018-06-11,23.78,23.45,24.16,23.3,90110.0,002439
1694,2018-06-12,23.48,23.6,23.77,22.88,92711.0,002439
1695,2018-06-13,23.6,23.12,23.78,23.1,65955.0,002439
1696,2018-06-14,22.96,20.82,23.04,20.81,411590.0,002439
1697,2018-06-15,20.4,20.75,21.16,19.54,192050.0,002439
1698,2018-06-19,20.18,20.3,20.81,19.25,137203.0,002439
1699,2018-06-20,20.19,20.62,20.94,19.9,103919.0,002439
1700,2018-06-21,20.67,19.28,20.75,19.27,135346.0,002439
1701,2018-06-22,19.04,19.56,19.94,18.8,92534.0,002439
1702,2018-06-25,20.0,19.65,20.48,19.45,111654.0,002439
1703,2018-06-26,19.3,20.41,20.6,19.08,152793.0,002439
1704,2018-06-27,20.46,20.19,20.6,19.99,86934.0,002439
1705,2018-06-28,20.18,20.02,20.59,19.8,92482.0,002439
1706,2018-06-29,20.1,21.22,21.35,19.9,152604.0,002439
